"160041171001";0;1;"2017-01-01";0;"1754";1;1;0;2;1;2;508;0;0;0;1210;4;1;01;1;6;1;3;1;0;0;00;1;04;00;;3;32;"10";1;0;0;0;1;3;500;2;1;1;"-692310,824";"-1104550,085";"-692310,824";"-1104550,085";"-692309,876";"-1104548,363";"";"";"";"dálnice";"D1";"716936";"";"Souhlasnısesmìremúseku";"Pomalı";"549126";"";"GN_V0.1UIR-ADR_410";"2"
"160041171002";0;1;"2017-01-04";3;"0110";3;0;4;2;1;2;204;0;0;0;1700;3;8;01;5;7;1;3;1;0;0;00;1;01;00;;7;26;"15";9;1;1;0;1;3;1000;4;1;1;"-664360,52";"-1126517,731";"-664360,52";"-1126517,731";"-664361,664";"-1126518,846";"";"";"";"dálnice";"D1";"3070120";"";"Souhlasnısesmìremúseku";"Pomalı";"587508";"";"GN_V0.1UIR-ADR_410";"2"
"160041171003";0;1;"2017-01-04";3;"1039";1;2;0;2;1;2;204;0;0;0;3000;3;5;01;5;3;1;3;1;0;0;00;1;02;00;;3;26;"08";9;1;1;0;1;1;2180;2;1;1;"-664917,538";"-1126003,91";"-664917,538";"-1126003,91";"-664899,47";"-1125986,167";"";"";"";"dálnice";"D1";"3070131";"";"Souhlasnısesmìremúseku";"Pomalı";"586846";"";"GN_V0.1UIR-ADR_410";"2"
"160041171004";0;1;"2017-01-05";4;"0625";9;0;0;2;1;2;204;0;0;0;1100;3;3;01;1;2;1;1;1;0;0;00;1;01;00;;3;26;"06";9;1;0;0;1;3;1000;2;1;1;"-645696,162";"-1133787,471";"-645696,162";"-1133787,471";"-645700,619";"-1133794,906";"";"";"";"dálnice";"D1";"1730486";"";"Souhlasnısesmìremúseku";"Pomalı";"596817";"";"GN_V0.1UIR-ADR_410";"2"
"160041171005";0;1;"2017-01-05";4;"1110";3;0;9;2;1;2;504;0;0;0;100;2;5;01;1;1;1;0;1;0;0;09;1;01;00;;3;26;"16";9;0;0;0;1;1;0;2;1;1;"-664424,839";"-1126458,196";"-664424,839";"-1126458,196";"-664422,742";"-1126456,153";"";"";"";"dálnice";"D1";"3070120";"";"Souhlasnısesmìremúseku";"Pomalı";"587508";"";"GN_V0.1UIR-ADR_410";"2"
"160041171006";0;1;"2017-01-05";4;"1205";3;0;3;2;1;2;204;0;0;0;2000;3;3;01;1;1;1;3;1;0;5;00;3;01;00;;3;39;"16";3;1;1;0;1;3;1900;2;1;1;"-625095,429";"-1148703,144";"-625095,429";"-1148703,144";"-625095,108";"-1148702,615";"";"";"";"dálnice";"D1";"1419922";"";"Souhlasnısesmìremúseku";"Pomalı";"596973";"";"GN_V0.1UIR-ADR_410";"2"
"160041171007";0;1;"2017-01-05";4;"1440";3;0;9;2;1;2;508;0;0;0;600;2;3;01;1;1;1;3;3;0;0;00;1;01;00;;5;47;"14";3;0;1;0;1;1;500;2;1;1;"-663899,469";"-1127019,995";"-663887,115";"-1127003,344";"-663886,533";"-1127002,653";"";"";"";"dálnice";"D1";"1734818";"";"Souhlasnısesmìremúseku";"Pomalı";"587508";"";"GN_V0.1UIR-ADR_410";"2"
"160041171008";0;1;"2017-01-07";6;"2320";3;0;4;2;1;2;204;0;0;0;800;3;8;01;5;6;1;3;1;0;0;00;1;01;00;;3;16;"04";9;1;1;0;1;1;700;2;1;1;"-625165,445";"-1148659,957";"-625165,445";"-1148659,957";"-625165,692";"-1148660,515";"";"";"";"dálnice";"D1";"1419917";"";"Souhlasnısesmìremúseku";"Pomalı";"596973";"";"GN_V0.1UIR-ADR_410";"2"
"160041171009";0;1;"2017-01-09";1;"0755";3;0;9;2;1;2;204;0;0;0;2650;3;3;01;2;3;1;3;1;0;0;00;1;01;00;;3;13;"16";3;1;0;1;1;3;2000;2;1;1;"-657739,569";"-1129947,602";"-657739,569";"-1129947,602";"-657740,589";"-1129950,849";"";"";"";"dálnice";"D1";"1364411";"";"Souhlasnısesmìremúseku";"Pomalı";"587826";"";"GN_V0.1UIR-ADR_410";"2"
"160041171010";0;1;"2017-01-09";1;"1730";0;0;0;2;1;2;204;0;0;0;1030;3;3;01;6;6;1;3;1;0;0;00;1;01;00;;5;19;"15";3;1;0;0;3;1;1000;2;1;1;"-679160,274";"-1115412,044";"-679160,274";"-1115412,044";"-679160,664";"-1115404,667";"";"";"";"dálnice";"D1";"3070096";"";"Souhlasnısesmìremúseku";"Pomalı";"568678";"";"GN_V0.1UIR-ADR_410";"2"
"160041171011";0;1;"2017-01-09";1;"1930";0;0;0;2;7;0;609;0;0;0;500;3;3;01;1;6;1;5;1;0;0;00;1;02;00;;17;;"XX";;;;;;;0;;;;"-676533,862";"-1116772,911";"-676533,862";"-1116772,911";"-676529,069";"-1116769,409";"";"";"";"dálnice";"D1";"3070101";"";"Souhlasnısesmìremúseku";"Pomalı";"548324";"";"GN_V0.1UIR-ADR_410";"2"
"160041171012";0;1;"2017-01-10";2;"1105";1;4;0;1;1;2;511;0;0;1;3220;2;3;01;1;1;1;3;1;0;0;00;1;02;00;;5;60;"08";3;0;0;0;1;3;1500;2;1;1;"-677310,387";"-1115502,992";"-677310,387";"-1115502,992";"-677309,437";"-1115501,42";"";"";"";"dálnice";"D1";"2586494";"";"Souhlasnısesmìremúseku";"Pomalı";"548341";"";"GN_V0.1UIR-ADR_410";"2"
"160041171013";0;1;"2017-01-10";2;"1155";3;0;9;2;1;2;508;0;0;0;200;3;3;01;1;1;1;3;0;0;0;09;1;01;00;;7;48;"13";9;0;0;0;1;1;0;3;1;1;"-680022,348";"-1115482,277";"-680022,348";"-1115482,277";"-680030,8";"-1115488,941";"";"";"";"místníkomunikace";"";"2694657";"";"Souhlasnısesmìremúseku";"Odboèovacívpravo";"568678";"";"GN_V0.1UIR-ADR_410";"2"
"160041171014";0;1;"2017-01-11";3;"0605";1;1;0;2;7;0;608;0;0;0;600;3;1;01;1;6;1;2;1;0;0;00;1;02;00;;17;;"XX";;;;;;;0;;;;"-655119,489";"-1130531,91";"-655119,489";"-1130531,91";"-655119,744";"-1130533,192";"";"";"";"dálnice";"D1";"3070140";"";"Souhlasnısesmìremúseku";"Pomalı";"587346";"";"GN_V0.1UIR-ADR_410";"2"
"160041171015";0;1;"2017-01-11";3;"2040";3;0;4;2;1;2;204;0;0;0;800;3;5;01;5;7;1;3;1;0;0;00;1;01;00;;4;27;"00";9;1;0;0;1;1;300;3;1;1;"-676684,68";"-1116536,459";"-676684,68";"-1116536,459";"-676678,139";"-1116533,218";"";"";"";"dálnice";"D1";"3070103";"";"Souhlasnısesmìremúseku";"Pomalı";"548324";"";"GN_V0.1UIR-ADR_410";"2"
"160041171016";0;1;"2017-01-11";3;"2040";9;0;0;2;1;2;204;0;0;0;260;3;8;01;5;7;1;3;1;0;0;00;1;01;00;;3;31;"98";9;1;0;0;1;1;200;3;1;1;"-668330,086";"-1123541,892";"-668330,086";"-1123541,892";"-668329,317";"-1123540,857";"";"";"";"dálnice";"D1";"1734853";"";"Souhlasnısesmìremúseku";"Pomalı";"586846";"";"GN_V0.1UIR-ADR_410";"2"
"160041171017";0;1;"2017-01-11";3;"2320";3;0;4;2;1;2;204;0;0;0;1040;3;6;01;5;7;1;1;1;0;0;00;1;01;00;;3;41;"07";3;1;0;0;1;1;1000;2;1;1;"-673245,931";"-1119378,784";"-673245,931";"-1119378,784";"-673244,562";"-1119376,224";"";"";"";"dálnice";"D1";"1419821";"";"Souhlasnısesmìremúseku";"Pomalı";"569593";"";"GN_V0.1UIR-ADR_410";"2"
"160041171018";0;1;"2017-01-11";3;"2319";9;0;0;2;1;2;204;0;0;0;1100;3;5;01;5;7;1;3;1;0;0;00;1;01;00;;7;48;"12";9;1;0;0;1;3;500;3;1;1;"-673245,931";"-1119378,784";"-673245,931";"-1119378,784";"-673244,562";"-1119376,224";"";"";"";"dálnice";"D1";"1419821";"";"Souhlasnısesmìremúseku";"Pomalı";"569593";"";"GN_V0.1UIR-ADR_410";"2"
"160041171019";0;1;"2017-01-12";4;"0100";9;0;0;2;1;2;204;0;0;0;1320;3;8;01;6;7;0;3;1;0;0;00;1;01;00;;7;19;"07";2;1;0;0;3;1;700;3;1;1;"-650823,168";"-1131460,974";"-650823,168";"-1131460,974";"-650823,887";"-1131462,862";"";"";"";"dálnice";"D1";"3070168";"";"Souhlasnısesmìremúseku";"Pomalı";"587516";"";"GN_V0.1UIR-ADR_410";"2"
"160041171020";0;1;"2017-01-14";6;"1035";3;0;4;2;1;2;204;0;0;0;550;3;5;01;5;3;1;1;1;0;0;00;1;01;00;;6;26;"12";9;1;0;1;1;1;200;3;1;1;"-677977,76";"-1115384,255";"-677977,76";"-1115384,255";"-677980,141";"-1115349,601";"";"";"";"dálnice";"D1";"3070096";"";"Souhlasnısesmìremúseku";"Pomalı";"568678";"";"GN_V0.1UIR-ADR_410";"2"
"160041171021";0;1;"2017-01-14";6;"1215";3;0;4;2;1;2;204;0;0;0;500;3;8;01;5;3;1;1;1;0;0;00;1;01;00;;3;47;"98";1;1;1;0;1;3;300;2;1;1;"-645668,457";"-1133805,503";"-645668,457";"-1133805,503";"-645672,286";"-1133811,891";"";"";"";"dálnice";"D1";"1730486";"";"Opaènıkesmìruúseku";"Rychlı";"596817";"";"GN_V0.1UIR-ADR_410";"2"
"160041171022";0;1;"2017-01-14";6;"1218";1;4;0;2;1;2;204;0;0;0;1350;3;8;01;5;3;1;5;1;0;0;00;1;03;00;;3;31;"09";1;1;0;0;1;3;400;2;1;1;"-645668,457";"-1133805,503";"-645668,457";"-1133805,503";"-645672,286";"-1133811,891";"";"";"";"dálnice";"D1";"1730486";"";"Opaènıkesmìruúseku";"Rychlı";"596817";"";"GN_V0.1UIR-ADR_410";"2"
"160041171023";0;1;"2017-01-14";6;"1225";3;0;4;2;1;2;204;0;0;0;450;3;8;01;5;3;1;5;1;0;0;00;1;01;00;;3;32;"09";1;1;0;0;1;3;300;2;1;1;"-645668,457";"-1133805,503";"-645668,457";"-1133805,503";"-645672,286";"-1133811,891";"";"";"";"dálnice";"D1";"1730486";"";"Opaènıkesmìruúseku";"Rychlı";"596817";"";"GN_V0.1UIR-ADR_410";"2"
"160041171024";0;1;"2017-01-14";6;"1148";1;4;0;2;1;2;204;0;0;0;900;3;5;01;5;3;1;3;1;0;0;00;1;02;00;;7;62;"15";9;0;0;1;1;1;400;4;1;1;"-654161,793";"-1130630,74";"-654161,793";"-1130630,74";"-654160,945";"-1130619,391";"";"";"";"dálnice";"D1";"3070167";"";"Souhlasnısesmìremúseku";"Pomalı";"587516";"";"GN_V0.1UIR-ADR_410";"2"
"160041171025";0;1;"2017-01-14";6;"1145";9;0;0;2;1;2;204;0;0;0;230;3;8;01;5;3;1;3;1;0;0;00;1;01;00;;3;39;"11";1;1;1;0;1;1;200;2;1;1;"-654133,008";"-1130612,999";"-654133,008";"-1130612,999";"-654132,752";"-1130609,084";"";"";"";"dálnice";"D1";"1364459";"";"Souhlasnısesmìremúseku";"Pomalı";"587516";"";"GN_V0.1UIR-ADR_410";"2"
"160041171026";0;1;"2017-01-14";6;"1148";1;4;0;2;1;2;204;0;0;0;4350;3;8;01;5;3;1;3;1;0;0;00;1;04;00;;8;62;"15";9;0;0;1;1;1;1000;4;1;1;"-654160,944";"-1130621,769";"-654160,944";"-1130621,769";"-654160,768";"-1130619,404";"";"";"";"dálnice";"D1";"3070167";"";"Souhlasnısesmìremúseku";"Pomalı";"587516";"";"GN_V0.1UIR-ADR_410";"2"
"160041171027";0;1;"2017-01-14";6;"1145";3;0;4;2;1;2;204;0;0;0;740;3;6;01;5;3;1;3;1;0;0;00;1;02;00;;3;13;"04";1;1;0;0;1;1;300;2;1;1;"-654160,944";"-1130621,769";"-654160,944";"-1130621,769";"-654160,768";"-1130619,404";"";"";"";"dálnice";"D1";"3070167";"";"Souhlasnısesmìremúseku";"Pomalı";"587516";"";"GN_V0.1UIR-ADR_410";"2"
"160041171028";0;1;"2017-01-14";6;"1250";0;0;0;2;1;2;204;0;0;0;2700;3;5;01;5;3;1;3;1;0;0;00;1;01;00;;7;40;"11";9;1;0;1;1;3;1500;3;1;1;"-636528,157";"-1140149,794";"-636528,157";"-1140149,794";"-636534,338";"-1140155,285";"";"";"";"dálnice";"D1";"1364901";"";"Souhlasnısesmìremúseku";"Pomalı";"597007";"";"GN_V0.1UIR-ADR_410";"2"
"160041171029";0;1;"2017-01-16";1;"0545";3;0;5;2;7;0;608;0;0;0;150;3;3;01;1;6;1;3;1;0;0;00;1;02;00;;17;;"XX";;;;;;;0;;;;"-657502,566";"-1130041,035";"-657502,566";"-1130041,035";"-657501,401";"-1130036,904";"";"";"";"dálnice";"D1";"3070137";"";"Souhlasnısesmìremúseku";"Pomalı";"588130";"";"GN_V0.1UIR-ADR_410";"2"
"160041171030";0;1;"2017-01-17";2;"2144";3;0;4;2;1;0;310;0;0;0;500;3;3;01;1;6;1;3;1;0;0;00;1;02;00;;17;;"XX";;;;;;;0;;;;"-668508,548";"-1123352,222";"-668514,456";"-1123361,353";"-668514,459";"-1123361,356";"";"";"";"dálnice";"D1";"3096357";"";"Souhlasnısesmìremúseku";"Pomalı";"586846";"";"GN_V0.1UIR-ADR_410";"2"
"160041171031";0;1;"2017-01-12";4;"1600";9;0;0;2;1;0;204;0;0;0;800;3;3;01;4;3;1;3;1;0;0;00;1;01;00;;3;39;"14";3;1;0;0;1;3;800;2;1;1;"-682431,438";"-1114276,298";"-682419,581";"-1114261,206";"-682420,569";"-1114262,981";"";"";"";"dálnice";"D1";"3070111";"";"Souhlasnısesmìremúseku";"Pomalı";"547999";"";"GN_V0.1UIR-ADR_410";"2"
"160041171032";0;1;"2017-01-18";3;"1400";2;0;0;1;1;2;508;0;0;1;1810;3;1;01;1;1;1;2;1;0;0;00;1;02;00;;7;10;"13";3;1;1;0;1;1;1000;3;1;1;"-676186,316";"-1117228,94";"-676186,316";"-1117228,94";"-676175,762";"-1117221,98";"";"";"";"dálnice";"D1";"3070101";"";"Souhlasnısesmìremúseku";"Pomalı";"548324";"";"GN_V0.1UIR-ADR_410";"2"
"160041171033";6;;"2017-01-18";3;"1510";9;0;0;2;1;2;204;0;0;0;800;2;6;01;1;1;1;0;8;0;0;00;3;01;00;;7;26;"12";3;1;0;0;1;5;500;4;1;1;"-659604,891";"-1129277,342";"-659604,891";"-1129277,342";"-659609,256";"-1129281,507";"";"";"";"místníkomunikace";"";"1372067";"";"Souhlasnısesmìremúseku";"Pomalı";"587427";"";"GN_V0.1UIR-ADR_410";"2"
"160041171034";0;1;"2017-01-18";3;"2250";3;0;5;2;1;2;203;0;0;0;110;3;1;01;1;6;1;3;1;0;0;00;1;02;00;;17;;"XX";;;;;;;0;;;;"-657412,613";"-1130042,948";"-657412,613";"-1130042,948";"-657413,842";"-1130047,814";"";"";"";"dálnice";"D1";"3070136";"";"Souhlasnısesmìremúseku";"Pomalı";"588130";"";"GN_V0.1UIR-ADR_410";"2"
"160041171035";0;1;"2017-01-20";5;"0515";1;2;0;2;1;2;201;0;0;0;1000;2;1;01;1;6;1;3;1;0;0;00;1;02;00;;3;13;"08";9;1;0;1;1;1;600;3;1;1;"-692090,677";"-1104743,194";"-692077,743";"-1104723,793";"-692078,751";"-1104725,09";"";"";"";"dálnice";"D1";"3070108";"";"Souhlasnısesmìremúseku";"Pomalı";"549126";"";"GN_V0.1UIR-ADR_410";"2"
"160041171036";0;1;"2017-01-20";5;"0530";3;0;5;2;1;2;203;0;0;0;150;3;1;01;1;6;1;3;1;0;0;00;1;04;00;;17;;"XX";;;;;;;0;;;;"-664424,404";"-1126478,749";"-664424,404";"-1126478,749";"-664421,06";"-1126475,494";"";"";"";"dálnice";"D1";"3070119";"";"Souhlasnısesmìremúseku";"Pomalı";"587508";"";"GN_V0.1UIR-ADR_410";"2"
"160041171037";0;1;"2017-01-20";5;"0855";3;0;4;2;1;2;201;0;0;0;3060;3;1;01;1;1;1;3;1;0;0;00;1;02;00;;3;16;"15";3;0;0;0;1;3;2500;2;1;1;"-658011,305";"-1129856,831";"-658011,305";"-1129856,831";"-658013,868";"-1129864,991";"";"";"";"dálnice";"D1";"1364411";"";"Souhlasnısesmìremúseku";"Pomalı";"587826";"";"GN_V0.1UIR-ADR_410";"2"
"160041171038";0;1;"2017-01-20";5;"1120";3;0;5;2;1;0;511;0;0;0;300;3;1;01;1;1;1;3;1;0;0;00;1;02;00;;17;;"XX";;;;;;;0;;;;"-671194,93";"-1120422,999";"-671194,93";"-1120422,999";"-671193,94";"-1120420,256";"";"";"";"dálnice";"D1";"1297000";"";"Souhlasnısesmìremúseku";"Pomalı";"550299";"";"GN_V0.1UIR-ADR_410";"2"
"160041171039";0;1;"2017-01-20";5;"1115";0;0;0;2;1;0;508;0;0;0;250;3;1;01;1;1;1;3;1;0;0;00;1;02;00;;17;;"XX";;;;;;;0;;;;"-671194,93";"-1120422,999";"-671194,93";"-1120422,999";"-671193,94";"-1120420,256";"";"";"";"dálnice";"D1";"1297000";"";"Souhlasnısesmìremúseku";"Rychlı";"550299";"";"GN_V0.1UIR-ADR_410";"2"
"160041171040";0;1;"2017-01-20";5;"1600";3;0;4;2;1;2;203;0;0;0;250;3;1;01;1;1;1;3;1;0;0;00;1;01;00;;3;17;"11";1;1;1;0;1;3;200;2;1;1;"-668691,307";"-1123128,411";"-668691,307";"-1123128,411";"-668691,524";"-1123128,548";"";"";"";"dálnice";"D1";"3096357";"";"Souhlasnısesmìremúseku";"Pomalı";"586846";"";"GN_V0.1UIR-ADR_410";"2"
"160041171041";0;1;"2017-01-22";0;"0400";3;0;4;2;1;2;508;0;0;0;2150;2;1;01;1;6;1;3;8;0;0;00;1;01;00;;7;48;"08";2;0;0;0;1;1;1200;3;1;1;"-681816,326";"-1114678,122";"-681816,326";"-1114678,122";"-681814,774";"-1114676,012";"";"";"";"dálnice";"D1";"2586353";"";"Souhlasnısesmìremúseku";"Pomalı";"547999";"";"GN_V0.1UIR-ADR_410";"2"
"160041171042";6;;"2017-01-25";3;"0250";3;0;9;2;1;2;508;0;0;0;100;2;3;01;1;4;1;0;6;0;0;09;1;01;00;;7;10;"09";9;0;1;0;1;5;0;3;1;1;"-668179,808";"-1123503,055";"-668179,808";"-1123503,055";"-668183,132";"-1123508,782";"";"";"";"místníkomunikace";"";"3095873";"";"Souhlasnısesmìremúseku";"Pomalı";"586846";"";"GN_V0.1UIR-ADR_410";"2"
"160041171043";0;1;"2017-01-26";4;"1720";3;0;4;2;7;0;605;0;0;0;1140;3;1;01;1;2;1;3;1;0;0;00;1;02;00;;3;31;"01";9;1;0;0;1;3;200;2;1;1;"-685608,521";"-1112650,458";"-685608,521";"-1112650,458";"-685608,034";"-1112650,238";"";"";"";"dálnice";"D1";"717324";"";"Souhlasnısesmìremúseku";"Pomalı";"547999";"";"GN_V0.1UIR-ADR_410";"2"
"160041171044";0;1;"2017-01-28";6;"1015";3;0;4;2;1;2;204;0;0;0;930;3;3;01;2;3;1;3;1;0;0;00;1;02;00;;3;32;"06";1;1;1;1;1;1;300;2;1;1;"-671658,289";"-1120251,545";"-671658,289";"-1120251,545";"-671658,008";"-1120250,808";"";"";"";"dálnice";"D1";"3070123";"";"Souhlasnısesmìremúseku";"Pomalı";"550299";"";"GN_V0.1UIR-ADR_410";"2"
"160041171045";0;1;"2017-01-31";2;"0550";1;2;0;2;1;0;302;0;0;0;340;3;8;01;5;7;1;3;1;0;0;00;1;02;00;;17;;"XX";;;;;;;0;;;;"-650615,039";"-1131549,887";"-650615,039";"-1131549,887";"-650612,929";"-1131544,698";"";"";"";"dálnice";"D1";"2586396";"";"Souhlasnısesmìremúseku";"Pomalı";"587516";"";"GN_V0.1UIR-ADR_410";"2"
"160041171046";0;1;"2017-01-31";2;"0820";9;0;0;2;1;2;204;0;0;0;950;3;5;01;6;3;1;3;1;0;0;00;1;01;00;;3;35;"99";1;1;0;1;1;3;500;2;1;1;"-671656,909";"-1120251,602";"-671656,909";"-1120251,602";"-671656,784";"-1120251,275";"";"";"";"dálnice";"D1";"3070123";"";"Souhlasnısesmìremúseku";"Pomalı";"550299";"";"GN_V0.1UIR-ADR_410";"2"
"160041171047";0;1;"2017-01-31";2;"1510";9;0;0;2;1;2;204;0;0;0;700;3;5;01;5;3;1;3;1;0;0;00;1;01;00;;4;47;"10";3;0;1;0;1;1;500;3;1;1;"-650613,748";"-1131551,944";"-650613,748";"-1131551,944";"-650611,103";"-1131545,44";"";"";"";"dálnice";"D1";"2586396";"";"Souhlasnısesmìremúseku";"Pomalı";"587516";"";"GN_V0.1UIR-ADR_410";"2"
"160041171048";0;1;"2017-01-31";2;"1845";3;0;4;2;1;0;310;0;0;0;580;2;5;01;5;7;1;1;1;0;0;00;1;02;00;;17;;"XX";;;;;;;0;;;;"-671656,909";"-1120251,602";"-671656,909";"-1120251,602";"-671656,784";"-1120251,275";"";"";"";"dálnice";"D1";"3070123";"";"Souhlasnısesmìremúseku";"Pomalı";"550299";"";"GN_V0.1UIR-ADR_410";"2"
"160706170001";2;405;"2017-01-01";0;"1705";5;0;0;2;4;0;100;0;0;0;249;2;1;01;1;6;1;1;1;0;0;00;3;01;00;;3;35;"09";1;0;1;0;1;3;100;2;1;1;"-665839,271";"-1137781,096";"-665766,756";"-1137757,998";"-665766,767";"-1137758,001";"";"";"";"silnice2.tøídy";"405";"2060149";"";"Souhlasnısesmìremúseku";"Pomalı";"586943";"";"GN_V0.1UIR-ADR_410";"2"
"160706170002";2;348;"2017-01-01";0;"2130";5;0;0;2;4;0;100;0;0;0;195;2;6;01;1;6;1;1;1;0;0;00;1;01;00;;3;13;"94";1;0;1;0;1;3;50;3;1;1;"-654633,81";"-1123456,548";"-654633,81";"-1123456,548";"-654631,82";"-1123454,998";"";"";"";"silnice2.tøídy";"348";"1149703";"";"Opaènıkesmìruúseku";"Pomalı";"588202";"";"GN_V0.1UIR-ADR_410";"2"
"160706170003";3;13115;"2017-01-05";4;"0640";5;0;0;2;4;0;100;0;0;0;345;2;6;01;6;6;1;1;1;0;0;00;1;01;00;;3;47;"16";3;0;0;0;1;3;200;3;1;1;"-680686,257";"-1122120,017";"-680686,257";"-1122120,017";"-680688,251";"-1122120,199";"";"";"";"silnice3.tøídy";"13115";"2865658";"";"Souhlasnısesmìremúseku";"Pomalı";"588211";"";"GN_V0.1UIR-ADR_410";"2"
"160706170004";6;;"2017-01-05";4;"0900";3;0;3;2;1;2;204;0;0;0;300;2;5;01;6;1;1;1;1;0;0;00;2;01;00;;3;32;"04";1;1;0;0;1;5;200;2;1;1;"-668460,793";"-1127521,639";"-668460,793";"-1127521,639";"-668456,705";"-1127524,248";"Jihlava";"Sokolovská";"";"místníkomunikace";"";"550705";"";"Opaènıkesmìruúseku";"Pomalı";"586846";"171867";"GN_V0.1UIR-ADR_410";"1"
"160706170005";2;405;"2017-01-05";4;"1039";1;3;0;2;1;2;403;0;0;0;2400;2;8;01;5;3;1;1;1;3;3;00;5;02;19;2;3;04;"10";1;1;1;0;1;13;1200;2;1;1;"-664706,852";"-1139534,521";"-664704,703";"-1139534,521";"-664704,428";"-1139534,297";"";"";"";"silnice2.tøídy";"405";"584003";"";"Opaènıkesmìruúseku";"Pomalı";"586943";"";"GN_V0.1UIR-ADR_410";"2"
"160706170006";2;602;"2017-01-06";5;"0750";9;0;0;2;1;2;204;0;0;0;450;2;5;01;1;2;1;1;8;0;0;00;2;01;00;;3;47;"15";1;1;1;0;1;3;450;3;1;1;"-676260,705";"-1130730,211";"-676260,705";"-1130730,211";"-676260,494";"-1130727,656";"";"";"";"silnice2.tøídy";"602";"1154560";"";"Souhlasnısesmìremúseku";"Pomalı";"506729";"";"GN_V0.1UIR-ADR_410";"2"
"160706170007";2;348;"2017-01-06";5;"0850";1;4;0;1;1;2;503;0;0;1;1300;2;5;01;1;1;1;1;1;0;0;00;1;02;00;;3;47;"";1;1;1;0;1;1;500;2;1;1;"-662170,698";"-1121567,915";"-662170,698";"-1121567,915";"-662170,44";"-1121568,489";"";"";"";"silnice2.tøídy";"348";"2056699";"";"Opaènıkesmìruúseku";"Pomalı";"587028";"";"GN_V0.1UIR-ADR_410";"2"
"160706170008";6;;"2017-01-06";5;"2215";3;0;6;2;1;2;204;0;0;0;320;2;5;01;1;4;1;1;1;0;0;00;2;01;00;;3;47;"";1;1;1;0;1;5;300;2;1;1;"-669509,813";"-1129688,83";"-669496,922";"-1129696,349";"-669496,586";"-1129697,069";"Jihlava";"Tolstého";"";"místníkomunikace";"";"558241";"";"Opaènıkesmìruúseku";"Pomalı";"586846";"172049";"GN_V0.1UIR-ADR_410";"1"
"160706170009";2;410;"2017-01-10";2;"0910";5;0;0;2;4;0;100;0;0;0;200;2;8;01;1;1;1;1;1;0;0;00;1;01;00;;3;31;"16";1;0;1;0;1;3;200;2;1;1;"-669331,04";"-1160832,903";"-669331,04";"-1160832,903";"-669331,797";"-1160829,472";"";"";"";"silnice2.tøídy";"410";"2064371";"";"Opaènıkesmìruúseku";"Pomalı";"587443";"";"GN_V0.1UIR-ADR_410";"2"
"160706170010";2;602;"2017-01-10";2;"1845";5;0;0;2;4;0;100;0;0;0;150;2;1;01;1;6;1;1;1;0;0;00;1;01;00;;3;07;"10";1;0;1;0;1;1;150;3;1;1;"-675292,956";"-1130949,962";"-675292,956";"-1130949,962";"-675292,679";"-1130949,563";"";"";"";"silnice2.tøídy";"602";"2059003";"";"Souhlasnısesmìremúseku";"Pomalı";"586846";"";"GN_V0.1UIR-ADR_410";"2"
"160706170011";1;23;"2017-01-10";2;"1820";9;0;0;2;1;2;510;0;0;0;2500;2;5;01;6;7;1;1;3;0;0;00;1;01;00;;7;40;"15";3;0;0;0;1;3;800;4;1;1;"-668526,809";"-1154080,98";"-668526,809";"-1154080,98";"-668526,249";"-1154085,506";"";"";"";"silnice1.tøídy";"23";"1656412";"";"Opaènıkesmìruúseku";"Pomalı";"587494";"";"GN_V0.1UIR-ADR_410";"2"
"160706170012";2;523;"2017-01-11";3;"0800";1;2;0;2;1;2;502;0;0;0;50;2;1;01;1;1;1;5;1;0;0;00;1;02;00;;11;00;"";0;0;1;0;1;1;0;4;1;1;"-669759,158";"-1129733,389";"-669765,066";"-1129745,743";"-669764,902";"-1129745,56";"Jihlava";"Jiráskova";"";"silnice2.tøídy";"523";"558491";"";"Opaènıkesmìruúseku";"Pomalı";"586846";"170755";"GN_V0.1UIR-ADR_410";"1"
"160706170013";1;38;"2017-01-11";3;"1046";4;0;0;1;1;2;508;0;0;1;50;2;1;01;1;1;1;1;1;0;0;00;1;01;00;;5;32;"11";9;0;1;0;1;3;50;2;1;1;"-667585,871";"-1125410,47";"-667585,871";"-1125410,47";"-667585,165";"-1125411,046";"";"";"";"silnice1.tøídy";"38";"2696773";"";"Souhlasnısesmìremúseku";"Pomalı";"586846";"";"GN_V0.1UIR-ADR_410";"2"
"160706170014";6;;"2017-01-11";3;"1155";3;0;3;2;1;2;205;0;0;0;300;2;1;01;1;1;1;1;3;0;0;00;3;01;00;;3;39;"16";0;1;1;0;1;5;200;2;1;1;"-676515,478";"-1132553,478";"-676515,478";"-1132553,478";"-676517,836";"-1132556,585";"Kostelec";"";"";"místníkomunikace";"";"2866794";"";"Souhlasnısesmìremúseku";"Pomalı";"587401";"";"GN_V0.1UIR-ADR_410";"1"
"160706170015";6;;"2017-01-01";0;"2560";3;0;6;2;1;0;511;0;0;0;450;1;5;01;1;1;1;0;1;0;0;00;1;01;00;;17;;"XX";;;;;;;0;;;;"-669914,145";"-1128236,892";"-669914,145";"-1128236,892";"-669914,705";"-1128235,269";"Jihlava";"RomanaHavelky";"";"místníkomunikace";"";"1418227";"";"Souhlasnısesmìremúseku";"Pomalı";"586846";"171751";"GN_V0.1UIR-ADR_410";"1"
"160706170016";2;406;"2017-01-11";3;"1850";5;0;0;2;4;0;100;0;0;0;200;2;6;01;5;6;1;1;1;0;0;00;1;01;00;;3;27;"15";1;0;1;0;1;1;200;2;1;1;"-683092,401";"-1156993,828";"-683092,401";"-1156993,828";"-683087,012";"-1156996,806";"";"";"";"silnice2.tøídy";"406";"2868632";"";"Souhlasnısesmìremúseku";"Pomalı";"587001";"";"GN_V0.1UIR-ADR_410";"2"
"160706170017";6;;"2017-01-11";3;"2560";2;0;0;2;1;0;511;0;0;0;100;2;3;01;1;1;1;0;1;0;0;00;1;02;00;;17;;"XX";;;;;;;0;;;;"-671302,64";"-1128882,652";"-671286,526";"-1128888,56";"-671286,359";"-1128889,548";"Jihlava";"Jarní";"";"místníkomunikace";"";"1712576";"";"Souhlasnısesmìremúseku";"Pomalı";"586846";"170721";"GN_V0.1UIR-ADR_410";"1"
"160706170018";6;;"2017-01-13";5;"1200";3;0;3;2;1;2;508;0;0;0;110;1;8;01;1;1;1;1;1;0;0;00;1;01;00;;3;17;"13";3;0;1;0;1;5;100;2;1;1;"-681712,807";"-1152472,102";"-681712,807";"-1152472,102";"-681715,252";"-1152467,516";"Telè";"Svatoanenská";"";"místníkomunikace";"";"2603078";"";"Opaènıkesmìruúseku";"Pomalı";"588024";"";"GN_V0.1UIR-ADR_410";"1"
"160706170019";3;4062;"2017-01-13";5;"1300";9;0;0;2;1;2;204;0;0;0;500;2;5;01;1;1;1;1;1;0;0;00;2;01;00;;3;39;"08";3;1;0;0;1;1;500;2;1;1;"-675531,563";"-1135335,686";"-675531,563";"-1135335,686";"-675533,185";"-1135330,637";"";"";"";"silnice3.tøídy";"4062";"2059779";"";"Souhlasnısesmìremúseku";"Pomalı";"588032";"";"GN_V0.1UIR-ADR_410";"2"
"160706170020";1;38;"2017-01-13";5;"1500";1;1;0;1;1;2;405;0;0;1;800;2;3;01;5;3;1;1;1;3;3;00;5;02;19;1;3;47;"11";1;0;0;0;1;12;400;2;1;1;"-670020,501";"-1133617,278";"-670020,501";"-1133617,278";"-670021,024";"-1133617,287";"";"";"";"silnice1.tøídy";"38";"3292917";"";"Opaènıkesmìruúseku";"Pomalı";"587176";"";"GN_V0.1UIR-ADR_410";"2"
"160706170021";1;38;"2017-01-13";5;"1500";1;4;0;1;1;2;503;0;0;1;1200;2;3;01;5;3;3;1;1;0;0;00;1;02;00;;3;39;"16";1;0;1;0;1;3;400;2;1;1;"-670020,501";"-1133617,278";"-670020,501";"-1133617,278";"-670021,024";"-1133617,287";"";"";"";"silnice1.tøídy";"38";"3292917";"";"Opaènıkesmìruúseku";"Pomalı";"587176";"";"GN_V0.1UIR-ADR_410";"2"
"160706170022";1;38;"2017-01-13";5;"1748";3;0;4;2;1;2;204;0;0;0;4650;2;3;01;5;7;1;1;1;0;0;00;1;01;00;;6;26;"08";3;1;1;0;1;3;700;3;1;1;"-670130,684";"-1128633,74";"-670130,684";"-1128633,74";"-670132,537";"-1128631,485";"";"";"";"silnice1.tøídy";"38";"732819";"";"Souhlasnısesmìremúseku";"Pomalı";"586846";"170755";"GN_V0.1UIR-ADR_410";"2"
"160706170023";2;351;"2017-01-13";5;"1660";2;0;0;2;1;0;504;0;0;0;650;2;3;01;6;2;1;1;3;0;0;00;1;02;00;;17;;"XX";;;;;;;0;;;;"-658511,135";"-1121794,617";"-658511,135";"-1121794,617";"-658505,017";"-1121792,616";"Polná";"Jungmannova";"";"silnice2.tøídy";"351";"835633";"";"Souhlasnısesmìremúseku";"Pomalı";"587711";"173339";"GN_V0.1UIR-ADR_410";"1"
"160706170024";6;;"2017-01-15";0;"2560";2;0;0;2;1;0;511;0;0;0;100;1;3;01;1;1;1;0;1;0;0;10;1;02;00;;17;;"XX";;;;;;;0;;;;"-669160,266";"-1130037,145";"-669173,158";"-1130032,311";"-669173,041";"-1130032,751";"Jihlava";"Masarykovonámìstí";"";"místníkomunikace";"";"718538";"";"Souhlasnısesmìremúseku";"Pomalı";"586846";"171441";"GN_V0.1UIR-ADR_410";"1"
"160706170025";6;;"2017-01-16";1;"1647";1;1;0;2;1;2;405;0;0;0;2000;2;3;01;5;2;1;2;1;3;3;02;4;02;10;6;3;07;"08";1;0;1;0;1;5;500;3;1;1;"-669739,291";"-1128441,277";"-669754,331";"-1128455,779";"-669754,187";"-1128455,658";"Jihlava";"RomanaHavelky";"";"silnice3.tøídy";"03824";"1417716";"";"Souhlasnısesmìremúseku";"Pomalı";"586846";"171751";"GN_V0.1UIR-ADR_410";"1"
"160706170026";3;3515;"2017-01-16";1;"1725";5;0;0;2;4;0;100;0;0;0;545;2;6;01;1;6;1;1;1;0;0;00;1;01;00;;8;26;"14";3;0;1;0;1;3;400;4;1;1;"-656637,769";"-1128397,678";"-656637,769";"-1128397,678";"-656637,712";"-1128396,663";"";"";"";"silnice3.tøídy";"3515";"1366586";"";"Souhlasnısesmìremúseku";"Pomalı";"587575";"";"GN_V0.1UIR-ADR_410";"2"
"160706170027";2;406;"2017-01-16";1;"2302";5;0;0;2;4;0;100;0;0;0;945;2;1;01;1;6;1;1;1;0;0;00;1;01;00;;3;39;"12";1;0;1;0;1;1;800;3;1;1;"-682762,739";"-1156094,435";"-682762,739";"-1156094,435";"-682761,212";"-1156094,913";"";"";"";"silnice2.tøídy";"406";"2063846";"";"Souhlasnısesmìremúseku";"Pomalı";"587001";"";"GN_V0.1UIR-ADR_410";"2"
"160706170028";6;;"2017-01-16";1;"2560";2;0;0;2;1;0;511;0;0;0;200;2;6;01;1;1;1;1;1;0;0;10;1;02;00;;17;;"XX";;;;;;;0;;;;"-671006,339";"-1128868,998";"-671006,339";"-1128868,998";"-671005,438";"-1128864,986";"Jihlava";"F.X.Šaldy";"";"místníkomunikace";"";"1712534";"";"Souhlasnısesmìremúseku";"Pomalı";"586846";"";"GN_V0.1UIR-ADR_410";"1"
"160706170029";8;;"2017-01-19";4;"0860";2;0;0;2;1;0;504;0;0;0;100;2;5;01;6;1;1;0;1;3;5;00;1;02;00;;17;;"XX";;;;;;;0;;;;"-667912,544";"-1126082,903";"-667912,544";"-1126082,903";"-667904,153";"-1126086,926";"Jihlava";"Pávovská";"";"místníkomunikace";"";"1728022";"";"";"Pomalı";"586846";"172014";"GN_V0.1UIR-ADR_410";"1"
"160706170030";3;1311;"2017-01-11";3;"1555";1;3;0;2;1;0;403;0;0;0;80;2;1;01;1;1;1;1;1;3;3;10;5;02;19;6;17;;"XX";;;;;;;0;;;;"-669914,154";"-1126002,387";"-669932,955";"-1126035,691";"-669932,852";"-1126035,66";"Hybrálec";"";"";"silnice3.tøídy";"1311";"1262114";"";"Opaènıkesmìruúseku";"Pomalı";"550281";"";"GN_V0.1UIR-ADR_410";"1"
"160706170031";3;4062;"2017-01-19";4;"1340";3;0;1;1;1;2;204;0;0;1;150;2;5;01;6;1;1;1;1;0;0;00;2;01;00;;3;13;"04";1;1;1;0;1;3;150;2;1;1;"-672978,838";"-1133403,502";"-672978,838";"-1133403,502";"-672980,918";"-1133402,389";"";"";"";"silnice3.tøídy";"4062";"1604564";"";"Opaènıkesmìruúseku";"Pomalı";"586846";"";"GN_V0.1UIR-ADR_410";"2"
"160706170032";6;;"2017-01-14";6;"2560";2;0;0;2;1;0;504;0;0;0;100;2;5;01;1;6;1;0;1;0;0;00;1;02;00;;17;;"XX";;;;;;;0;;;;"-669083,411";"-1129266,212";"-669083,411";"-1129266,212";"-669080,939";"-1129267,763";"Jihlava";"Srázná";"";"místníkomunikace";"";"732761";"";"Souhlasnısesmìremúseku";"Pomalı";"586846";"171883";"GN_V0.1UIR-ADR_410";"1"
"160706170033";2;602;"2017-01-21";6;"1745";5;0;0;2;4;0;100;0;0;0;100;2;1;01;1;4;1;1;1;0;0;00;1;01;00;;3;39;"";1;0;1;0;1;3;100;2;1;1;"-662075,32";"-1130560,832";"-662075,32";"-1130560,832";"-662075,999";"-1130563,337";"VELKİBERANOV-LOUDILKA";"";"";"silnice2.tøídy";"602";"2058937";"";"Opaènıkesmìruúseku";"Pomalı";"587427";"";"GN_V0.1UIR-ADR_410";"1"
"160706170034";2;602;"2017-01-22";0;"1058";5;0;0;2;4;0;100;0;0;0;500;2;1;01;1;1;1;1;1;0;0;00;1;01;00;;3;26;"09";1;0;1;0;1;3;500;2;1;1;"-671625,481";"-1130070,33";"-671611,515";"-1130055,29";"-671611,544";"-1130055,178";"";"";"";"silnice2.tøídy";"602";"559460";"";"Opaènıkesmìruúseku";"Pomalı";"586846";"171701";"GN_V0.1UIR-ADR_410";"2"
"160706170035";6;;"2017-01-22";0;"2152";2;0;0;2;1;8;504;0;0;0;150;2;6;01;1;4;1;1;1;0;0;00;1;02;00;;3;39;"98";1;0;1;0;1;5;0;7;5;1;"-670951,197";"-1128874,837";"-670951,197";"-1128874,837";"-670952,795";"-1128879,297";"Jihlava";"F.X.Šaldy";"";"místníkomunikace";"";"1712535";"";"Opaènıkesmìruúseku";"Pomalı";"586846";"";"GN_V0.1UIR-ADR_410";"1"
"160706170036";3;4042;"2017-01-23";1;"0705";4;0;0;1;1;0;508;0;0;1;0;2;3;01;1;2;1;1;1;0;0;00;1;01;00;;17;;"XX";;;;;;;0;;;;"-661673,154";"-1133243,777";"-661673,154";"-1133243,777";"-661678,379";"-1133249,495";"LukanadJihlavou";"Školní";"";"silnice3.tøídy";"4042";"567869";"";"Opaènıkesmìruúseku";"Pomalı";"587478";"172871";"GN_V0.1UIR-ADR_410";"1"
"160706170037";1;23;"2017-01-23";1;"1040";3;0;1;1;1;2;204;0;0;1;500;2;3;01;1;1;1;1;1;0;0;00;2;01;00;;3;12;"00";1;1;1;0;1;1;500;2;1;1;"-685447,678";"-1152260,383";"-685447,678";"-1152260,383";"-685448,241";"-1152265,855";"";"";"";"silnice1.tøídy";"23";"2865330";"";"Opaènıkesmìruúseku";"Pomalı";"587435";"";"GN_V0.1UIR-ADR_410";"2"
"160706170038";1;38;"2017-01-23";1;"1700";5;0;0;2;4;0;100;0;0;0;845;2;1;01;1;2;1;1;1;0;0;00;1;01;00;;3;39;"16";1;0;1;0;1;3;700;2;1;1;"-671243,441";"-1139257,809";"-671259,017";"-1139252,975";"-671260,101";"-1139252,627";"";"";"";"silnice1.tøídy";"38";"1261969";"";"Opaènıkesmìruúseku";"Pomalı";"587982";"";"GN_V0.1UIR-ADR_410";"2"
"160706170039";2;405;"2017-01-24";2;"1005";1;3;0;1;1;2;403;0;0;1;300;2;3;01;1;1;1;1;1;3;3;00;5;02;11;6;5;12;"16";3;0;1;0;1;23;100;2;1;1;"-664332,033";"-1140486,986";"-664332,033";"-1140486,986";"-664332,32";"-1140487,339";"Brtnice";"Legionáøská";"";"silnice2.tøídy";"405";"586423";"";"Souhlasnısesmìremúseku";"Pomalı";"586943";"169889";"GN_V0.1UIR-ADR_410";"1"
"160706170040";3;13421;"2017-01-24";2;"1710";1;3;0;1;1;2;204;0;0;1;700;2;5;01;1;2;1;1;1;0;0;00;3;02;00;;3;39;"04";1;1;1;0;1;3;400;3;1;1;"-684739,732";"-1139211,584";"-684739,732";"-1139211,584";"-684738,662";"-1139212,112";"";"";"";"silnice3.tøídy";"13421";"1733270";"";"Souhlasnısesmìremúseku";"Pomalı";"586862";"";"GN_V0.1UIR-ADR_410";"2"
"160706170041";3;4043;"2017-01-25";3;"2110";1;2;0;2;1;0;501;0;0;0;50;2;3;01;1;6;1;1;1;0;0;00;1;02;00;;17;;"XX";;;;;;;0;;;;"-664260,168";"-1131312,176";"-664260,168";"-1131312,176";"-664258,581";"-1131310,734";"";"";"";"silnice3.tøídy";"4043";"3107946";"";"Souhlasnısesmìremúseku";"Pomalı";"588113";"";"GN_V0.1UIR-ADR_410";"2"
"160706170042";2;348;"2017-01-26";4;"1040";5;0;0;2;4;0;100;0;0;0;141;2;1;01;1;1;1;1;1;0;0;00;1;01;00;;5;26;"07";3;0;1;0;1;3;0;3;1;1;"-661052,343";"-1121111,565";"-661052,343";"-1121111,565";"-661052,484";"-1121110,268";"";"";"";"silnice2.tøídy";"348";"3237449";"";"Opaènıkesmìruúseku";"Pomalı";"587711";"";"GN_V0.1UIR-ADR_410";"2"
"160706170043";6;;"2017-01-27";5;"1015";1;1;0;2;1;2;204;0;0;0;820;2;5;01;1;1;1;1;1;0;0;00;1;02;00;;3;47;"";1;1;1;0;1;5;300;2;1;1;"-674381,413";"-1128633,36";"-674381,413";"-1128633,36";"-674383,863";"-1128631,947";"Rantíøov";"";"";"místníkomunikace";"";"2058536";"";"Opaènıkesmìruúseku";"Pomalı";"587788";"";"GN_V0.1UIR-ADR_410";"1"
"160706170044";1;38;"2017-01-27";5;"1905";1;4;0;1;1;2;503;0;0;3;1300;2;2;01;1;6;1;4;1;0;0;00;1;02;00;;3;39;"93";1;0;0;0;1;3;100;2;1;1;"-667337,554";"-1125132,137";"-667339,702";"-1125122,468";"-667339,717";"-1125122,457";"";"";"";"silnice1.tøídy";"38";"2698119";"";"Souhlasnısesmìremúseku";"Pomalı";"586846";"";"GN_V0.1UIR-ADR_410";"2"
"160706170045";3;40611;"2017-01-28";6;"0445";9;0;0;1;1;0;204;0;0;1;1000;2;5;01;6;2;1;1;1;3;5;00;1;01;00;;3;07;"09";1;1;0;0;1;3;1000;3;1;1;"-686271,656";"-1156201,566";"-686271,656";"-1156201,566";"-686269,467";"-1156207,582";"";"";"";"silnice3.tøídy";"40611";"1245350";"";"Opaènıkesmìruúseku";"Pomalı";"587559";"";"GN_V0.1UIR-ADR_410";"2"
"160706170046";2;602;"2017-01-27";5;"2560";2;0;0;2;1;0;504;0;0;0;50;3;2;01;1;1;1;1;0;3;5;00;1;02;00;;17;;"XX";;;;;;;0;;;;"-668981,305";"-1130490,253";"-668981,305";"-1130490,253";"-668981,454";"-1130476,628";"Jihlava";"Hradební";"";"silnice2.tøídy";"602";"1604045";"";"Souhlasnısesmìremúseku";"Pomalı";"586846";"170798";"GN_V0.1UIR-ADR_410";"1"
"160706170047";2;602;"2017-01-29";0;"0230";9;0;0;2;1;2;508;0;0;0;850;2;1;01;1;4;1;1;8;0;0;00;3;01;00;;3;39;"14";1;0;1;0;1;1;800;3;1;1;"-665015,536";"-1129538,064";"-665015,536";"-1129538,064";"-664998,57";"-1129523,851";"VelkıBeranov";"NovéDomky";"";"silnice2.tøídy";"602";"1153841";"";"Opaènıkesmìruúseku";"Pomalı";"588113";"";"GN_V0.1UIR-ADR_410";"1"
"160706170048";6;;"2017-01-30";1;"0928";3;0;3;2;1;0;504;0;0;0;50;2;3;01;1;1;1;1;6;3;3;00;3;01;00;;5;35;"04";3;0;1;0;1;5;0;3;1;1;"-668205,128";"-1129482,781";"-668205,128";"-1129482,781";"-668204,464";"-1129488,233";"Jihlava";"Bøezinova";"";"místníkomunikace";"";"3095882";"";"Souhlasnısesmìremúseku";"Pomalı";"586846";"170241";"GN_V0.1UIR-ADR_410";"1"
"160706170049";6;;"2017-01-31";2;"0860";2;0;0;2;1;0;506;0;0;0;300;2;6;01;6;3;1;1;1;0;0;00;1;02;00;;17;;"XX";;;;;;;0;;;;"-658386,073";"-1121189,668";"-658386,073";"-1121189,668";"-658382,518";"-1121190,944";"Polná";"";"";"místníkomunikace";"";"3254591";"";"";"Pomalı";"587711";"";"GN_V0.1UIR-ADR_410";"1"
"160706170050";2;406;"2017-01-31";2;"1335";3;0;1;1;1;2;204;0;0;1;500;2;5;01;6;3;1;1;1;0;0;00;3;01;00;;3;60;"06";1;0;0;0;1;3;500;2;1;1;"-672251,813";"-1126651,275";"-678187,311";"-1139753,006";"-678185,777";"-1139753,368";"Tøeš";"Dr.Richtra";"";"silnice2.tøídy";"406";"3275459";"";"Souhlasnısesmìremúseku";"Pomalı";"588032";"174718";"GN_V0.1UIR-ADR_410";"1"
"160706170051";2;523;"2017-01-31";2;"1410";1;1;0;1;1;2;403;0;0;1;1300;2;6;01;6;3;1;1;0;3;3;00;5;02;19;3;8;26;"14";4;1;0;0;1;23;800;4;1;1;"-672251,813";"-1126651,275";"-672276,522";"-1126629,789";"-672276,594";"-1126629,912";"";"";"";"silnice2.tøídy";"523";"1364191";"";"Opaènıkesmìruúseku";"Pomalı";"586846";"";"GN_V0.1UIR-ADR_410";"2"
"160706170052";6;;"2017-01-30";1;"1430";1;3;0;2;1;0;403;0;0;0;50;2;5;01;6;1;1;1;1;3;3;00;5;02;10;6;3;48;"14";3;0;0;0;1;5;0;9;;;"-669080,546";"-1129688,132";"-669080,546";"-1129688,132";"-669087,829";"-1129687,532";"Jihlava";"námìstíSvobody";"";"místníkomunikace";"";"1712446";"";"Opaènıkesmìruúseku";"Pomalı";"586846";"171450";"GN_V0.1UIR-ADR_410";"1"
"161006170001";2;396;"2017-01-01";0;"0100";3;0;2;2;1;2;511;0;0;0;500;2;8;01;1;4;1;1;8;0;0;01;1;01;00;;3;39;"11";1;0;1;0;1;3;400;2;1;1;"-635748,193";"-1170736,268";"-635748,193";"-1170736,268";"-635749,786";"-1170738,441";"Rouchovany";"";"";"silnice2.tøídy";"396";"1166029";"";"Opaènıkesmìruúseku";"Pomalı";"591629";"";"GN_V0.1UIR-ADR_410";"1"
"161006170002";2;405;"2017-01-01";0;"1928";5;0;0;2;4;0;100;0;0;0;641;2;3;01;1;6;1;1;1;0;0;00;1;01;00;;3;13;"14";3;0;1;0;1;1;500;2;1;1;"-660043,865";"-1147094,95";"-660043,865";"-1147094,95";"-660051,302";"-1147102,175";"";"";"";"silnice2.tøídy";"405";"2081623";"";"Opaènıkesmìruúseku";"Pomalı";"591301";"";"GN_V0.1UIR-ADR_410";"2"
"161006170003";1;38;"2017-01-01";0;"1945";5;0;0;2;4;0;100;0;0;0;421;2;1;01;1;6;1;1;1;0;0;00;1;01;00;;3;27;"13";1;0;1;0;1;1;280;2;1;1;"-659255,197";"-1169522,531";"-659255,197";"-1169522,531";"-659244,738";"-1169523,184";"";"";"";"silnice1.tøídy";"38";"3292771";"";"Souhlasnısesmìremúseku";"Pomalı";"591181";"";"GN_V0.1UIR-ADR_410";"2"
"161006170004";6;;"2017-01-01";0;"2560";2;0;0;2;1;0;504;0;0;0;150;2;1;01;1;4;1;1;2;0;0;00;1;02;00;;17;;"XX";;;;;;;0;;;;"-675305,663";"-1171618,927";"-675305,663";"-1171618,927";"-675320,089";"-1171634,755";"Jemnice";"Palackého";"";"místníkomunikace";"";"1732646";"";"Opaènıkesmìruúseku";"Pomalı";"590789";"600997";"GN_V0.1UIR-ADR_410";"1"
"161006170005";2;351;"2017-01-02";1;"0830";5;0;0;2;4;0;100;0;0;0;541;2;1;01;1;1;1;1;1;0;0;00;1;01;00;;3;07;"04";1;0;1;0;1;3;400;3;1;1;"-653709,436";"-1147625,759";"-653709,436";"-1147625,759";"-653699,617";"-1147627,866";"";"";"";"silnice2.tøídy";"351";"1603305";"";"Souhlasnısesmìremúseku";"Pomalı";"590266";"";"GN_V0.1UIR-ADR_410";"2"
"161006170006";6;;"2017-01-02";1;"2560";2;0;0;2;1;0;504;0;0;0;500;1;1;01;1;1;1;1;8;0;0;00;1;02;00;;17;;"XX";;;;;;;0;;;;"-650247,245";"-1151579,354";"-650247,245";"-1151579,354";"-650244,804";"-1151580,908";"Tøebíè";"Gen.Svobody";"";"místníkomunikace";"";"609530";"";"Souhlasnısesmìremúseku";"Pomalı";"590266";"603597";"GN_V0.1UIR-ADR_410";"1"
"161006170007";2;360;"2017-01-02";1;"1850";5;0;0;2;4;0;100;0;0;0;248;2;3;01;1;6;1;1;1;0;5;00;1;01;00;;3;22;"01";1;0;1;0;1;1;150;2;1;1;"-646669,124";"-1147862,137";"-646669,124";"-1147862,137";"-646672,977";"-1147858,189";"";"";"";"místníkomunikace";"";"2702346";"";"";"Pomalı";"591840";"";"GN_V0.1UIR-ADR_410";"2"
"161006170008";6;;"2017-01-02";1;"1526";3;0;9;2;1;0;511;0;0;0;900;2;3;01;1;1;1;0;1;3;3;09;1;01;00;;5;26;"03";3;0;1;0;1;5;0;2;1;1;"-652207,634";"-1152943,762";"-652207,634";"-1152943,762";"-652206,63";"-1152940,249";"Tøebíè";"Praská";"";"místníkomunikace";"";"708138";"";"Souhlasnısesmìremúseku";"Pomalı";"590266";"";"GN_V0.1UIR-ADR_410";"1"
"161006170009";2;399;"2017-01-04";3;"0510";9;0;0;1;1;2;203;0;0;2;0;2;6;01;1;6;1;1;1;0;0;00;2;01;00;;3;27;"96";3;1;0;0;1;1;0;2;1;1;"-635020,465";"-1155802,106";"-635012,432";"-1155821,921";"-635012,518";"-1155821,812";"";"";"";"silnice2.tøídy";"399";"1162614";"";"Opaènıkesmìruúseku";"Pomalı";"591297";"";"GN_V0.1UIR-ADR_410";"2"
"161006170010";3;15218;"2017-01-05";4;"1025";1;2;0;2;1;2;204;0;0;0;900;2;6;01;6;1;1;1;8;0;0;00;3;02;00;;3;39;"99";1;1;1;0;1;1;100;3;1;1;"-672993,638";"-1171567,361";"-672993,638";"-1171567,361";"-672989,782";"-1171564,229";"Lhotice";"";"";"silnice3.tøídy";"15218";"3107712";"";"Opaènıkesmìruúseku";"Pomalı";"544876";"";"GN_V0.1UIR-ADR_410";"1"
"161006170011";2;411;"2017-01-05";4;"1025";1;3;0;1;1;2;204;0;0;1;350;2;6;01;7;1;1;1;8;0;0;00;1;02;00;;5;13;"06";3;1;1;0;1;1;150;2;1;1;"-673030,601";"-1171594,46";"-659043,31";"-1171784,035";"-659041,629";"-1171784,301";"";"";"";"silnice2.tøídy";"411";"2089251";"";"Souhlasnısesmìremúseku";"Pomalı";"591181";"";"GN_V0.1UIR-ADR_410";"2"
"161006170012";2;411;"2017-01-05";4;"1020";1;2;0;1;1;2;204;0;0;3;560;2;6;01;7;1;1;1;1;0;0;00;2;02;00;;3;35;"03";1;1;1;0;1;1;200;2;1;1;"-673030,601";"-1171594,46";"-659064,422";"-1171858,809";"-659059,912";"-1171860,502";"";"";"";"silnice2.tøídy";"411";"2089251";"";"Souhlasnısesmìremúseku";"Pomalı";"591181";"";"GN_V0.1UIR-ADR_410";"2"
"161006170013";1;23;"2017-01-06";5;"1038";1;3;0;2;1;2;414;0;0;0;1100;2;5;01;5;1;1;2;1;2;0;00;5;02;19;6;3;47;"11";1;0;1;0;1;32;100;4;1;1;"-650586,495";"-1152735,869";"-650586,495";"-1152735,869";"-650588,835";"-1152737,977";"Tøebíè";"Masarykovonám.";"";"silnice1.tøídy";"23";"612477";"";"Souhlasnısesmìremúseku";"Pomalı";"590266";"604356";"GN_V0.1UIR-ADR_410";"1"
"161006170014";6;;"2017-01-06";5;"1535";3;0;3;2;1;2;204;0;0;0;220;2;8;01;5;3;1;2;8;0;0;00;1;01;00;;3;12;"08";1;1;1;0;1;5;200;2;1;1;"-650371,496";"-1152597,717";"-650371,496";"-1152597,717";"-650361,149";"-1152601,391";"Tøebíè";"BedøichaVáclavka";"";"místníkomunikace";"";"612217";"";"Opaènıkesmìruúseku";"Pomalı";"590266";"603171";"GN_V0.1UIR-ADR_410";"1"
"161006170015";6;;"2017-01-04";3;"2560";2;0;0;2;1;0;504;0;0;0;100;2;8;01;1;1;1;1;8;0;0;00;1;02;00;;17;;"XX";;;;;;;0;;;;"-657873,261";"-1169946,075";"-657873,261";"-1169946,075";"-657870,147";"-1169947,678";"MoravskéBudìjovice";"nám.Míru";"";"místníkomunikace";"";"2915938";"";"Souhlasnısesmìremúseku";"Pomalı";"591181";"601705";"GN_V0.1UIR-ADR_410";"1"
"161006170016";3;15114;"2017-01-09";1;"0840";9;0;0;1;1;2;204;0;0;1;300;2;5;01;1;1;1;1;1;0;0;00;2;01;00;;3;13;"08";1;1;1;0;1;1;300;2;1;1;"-666403,904";"-1168072,024";"-666393,699";"-1168081,693";"-666394,242";"-1168081,234";"";"";"";"silnice3.tøídy";"15114";"2087640";"";"Opaènıkesmìruúseku";"Pomalı";"590410";"";"GN_V0.1UIR-ADR_410";"2"
"161006170017";6;;"2017-01-09";1;"1820";3;0;3;2;1;2;511;0;0;0;60;2;6;01;1;4;1;0;8;0;0;00;1;01;00;;3;25;"06";1;0;0;0;1;5;10;2;1;1;"";"";"-651456,57";"-1151819,006";"-651456,018";"-1151818,397";"Tøebíè";"NaKocandì";"";"místníkomunikace";"";"610151";"";"Opaènıkesmìruúseku";"Pomalı";"590266";"604241";"GN_V0.1UIR-ADR_410";"1"
"161006170018";6;;"2017-01-06";5;"1518";2;0;0;2;1;0;204;0;0;0;250;2;5;01;6;1;1;1;8;0;0;00;2;02;00;;17;;"XX";;;;;;;0;;;;"";"";"-650136,328";"-1152811,06";"-650136,336";"-1152811,051";"Tøebíè";"KateøinyzValdštejna";"";"místníkomunikace";"";"2916293";"";"Souhlasnısesmìremúseku";"Pomalı";"590266";"603350";"GN_V0.1UIR-ADR_410";"1"
"161006170019";2;351;"2017-01-10";2;"1745";5;0;0;2;4;0;100;0;0;0;1339;2;3;01;1;6;1;1;1;0;0;00;1;01;00;;3;39;"13";3;0;1;0;1;1;1200;3;1;1;"-646742,95";"-1155849,948";"-646742,95";"-1155849,948";"-646729,193";"-1155838,313";"";"";"";"silnice2.tøídy";"351";"1380029";"";"Souhlasnısesmìremúseku";"Pomalı";"545309";"";"GN_V0.1UIR-ADR_410";"2"
"161006170020";3;35121;"2017-01-11";3;"1145";1;2;0;2;1;2;403;0;0;0;420;2;5;01;1;1;1;1;1;3;3;00;5;02;19;6;3;25;"04";1;0;1;0;1;32;200;2;1;1;"-640084,337";"-1161295,207";"-640084,337";"-1161295,207";"-640084,783";"-1161295,467";"Valeè";"";"";"silnice3.tøídy";"35121";"2914525";"";"Opaènıkesmìruúseku";"Pomalı";"591874";"";"GN_V0.1UIR-ADR_410";"1"
"161006170021";2;410;"2017-01-12";4;"0555";1;1;0;1;1;2;204;0;0;1;1600;2;8;01;6;6;1;1;1;0;0;08;2;02;00;;3;47;"";1;1;1;0;1;1;1200;2;1;1;"-651397,985";"-1152995,81";"-651397,985";"-1152995,81";"-651399,078";"-1152996,047";"Tøebíè";"Koeluská";"";"silnice2.tøídy";"410";"1417606";"";"Opaènıkesmìruúseku";"Pomalı";"590266";"605115";"GN_V0.1UIR-ADR_410";"1"
"161006170022";2;360;"2017-01-12";4;"0830";0;0;0;2;1;0;511;0;0;0;100;2;8;01;1;1;1;1;1;0;0;00;1;02;00;;17;;"XX";;;;;;;0;;;;"-650353,487";"-1156153,137";"-650353,487";"-1156153,137";"-650359,299";"-1156152,353";"";"";"";"silnice2.tøídy";"360";"2083581";"";"Opaènıkesmìruúseku";"Pomalı";"590266";"";"GN_V0.1UIR-ADR_410";"2"
"161006170023";3;36063;"2017-01-13";5;"0703";5;0;0;2;4;0;100;0;0;0;100;2;6;01;1;6;1;1;1;0;0;00;1;01;00;;8;77;"15";3;0;1;0;1;3;100;4;1;1;"-648760,245";"-1156815,504";"-648760,245";"-1156815,504";"-648762,286";"-1156817,291";"";"";"";"silnice3.tøídy";"36063";"1603195";"";"Opaènıkesmìruúseku";"Pomalı";"554871";"";"GN_V0.1UIR-ADR_410";"2"
"161006170024";2;399;"2017-01-13";5;"1920";5;0;0;2;4;0;100;0;0;0;677;2;3;01;5;6;1;1;1;0;0;00;1;01;00;;3;39;"11";1;0;1;0;1;1;500;2;1;1;"-637493,845";"-1164970,078";"-637493,845";"-1164970,078";"-637503,72";"-1164969,118";"";"";"";"silnice2.tøídy";"399";"2086786";"";"Opaènıkesmìruúseku";"Pomalı";"590517";"";"GN_V0.1UIR-ADR_410";"2"
"161006170025";2;360;"2017-01-14";6;"1200";3;0;3;2;1;2;205;0;0;0;100;2;3;01;5;1;1;1;1;3;3;00;3;01;00;;3;32;"08";1;1;1;0;1;1;50;2;1;1;"-651382,268";"-1165967,274";"-651382,268";"-1165967,274";"-651378,56";"-1165966,535";"JaromìøicenadRokytnou";"Komenskéhonám.";"";"silnice2.tøídy";"360";"751798";"";"Opaènıkesmìruúseku";"Pomalı";"590754";"600423";"GN_V0.1UIR-ADR_410";"1"
"161006170026";2;410;"2017-01-14";6;"1750";3;0;6;1;1;2;204;0;0;1;530;2;6;01;6;6;1;1;1;0;0;00;3;01;00;;3;02;"03";9;0;1;0;1;3;500;2;1;1;"-651408,642";"-1152963,646";"-651408,642";"-1152963,646";"-651404,632";"-1152963,518";"Tøebíè";"Koeluská";"";"silnice2.tøídy";"410";"1417606";"";"Souhlasnısesmìremúseku";"Pomalı";"590266";"605115";"GN_V0.1UIR-ADR_410";"1"
"161006170027";3;36064;"2017-01-14";6;"2330";9;0;0;1;1;2;204;0;0;1;100;2;6;01;1;6;1;1;1;0;0;00;1;01;00;;3;44;"";1;1;1;0;1;3;100;2;1;1;"-650807,175";"-1156688,257";"-650807,175";"-1156688,257";"-650805,145";"-1156690,433";"";"";"";"silnice3.tøídy";"36064";"1365521";"";"Souhlasnısesmìremúseku";"Pomalı";"590266";"";"GN_V0.1UIR-ADR_410";"2"
"161006170028";2;410;"2017-01-15";0;"1015";3;0;4;1;1;2;205;0;0;1;840;2;3;01;1;1;1;1;1;0;0;00;3;01;00;;3;39;"11";1;1;1;0;1;1;800;2;1;1;"-651376,073";"-1153037,03";"-651390,575";"-1153026,287";"-651391,447";"-1153026,384";"Tøebíè";"Koeluská";"";"silnice2.tøídy";"410";"1417606";"";"Opaènıkesmìruúseku";"Pomalı";"590266";"605115";"GN_V0.1UIR-ADR_410";"1"
"161006170029";6;;"2017-01-15";0;"1030";3;0;3;2;1;2;504;0;0;0;60;1;8;01;1;1;1;0;8;0;0;10;1;01;00;;5;13;"06";3;0;0;0;1;5;10;2;1;1;"-650211,706";"-1151500,565";"-650211,706";"-1151500,565";"-650211,685";"-1151500,546";"Tøebíè";"Gen.Svobody";"";"místníkomunikace";"";"1713082";"";"Opaènıkesmìruúseku";"Pomalı";"590266";"603597";"GN_V0.1UIR-ADR_410";"1"
"161006170030";2;399;"2017-01-15";0;"1220";1;3;0;2;1;2;204;0;0;0;1700;2;5;01;1;1;2;1;1;3;3;00;5;02;19;3;3;02;"05";1;0;1;0;1;12;1000;2;1;1;"-636360,005";"-1158108,941";"-636362,691";"-1158114,85";"-636362,773";"-1158114,799";"Tøesov";"";"";"silnice2.tøídy";"399";"2084163";"";"Souhlasnısesmìremúseku";"Pomalı";"550311";"";"GN_V0.1UIR-ADR_410";"1"
"161006170031";2;152;"2017-01-15";0;"1840";4;0;0;1;1;2;202;1;0;0;500;2;3;01;0;6;1;1;1;0;0;00;1;02;00;;3;39;"00";1;0;1;0;1;1;300;2;1;1;"-673755,965";"-1171640,119";"-673758,107";"-1171634,23";"-673758,022";"-1171634,405";"";"";"";"silnice2.tøídy";"152";"2089071";"";"Souhlasnısesmìremúseku";"Pomalı";"544876";"";"GN_V0.1UIR-ADR_410";"2"
"161006170032";8;;"2017-01-16";1;"2560";2;0;0;2;1;0;504;0;0;0;50;2;5;01;1;1;1;1;1;0;0;00;1;02;00;;17;;"XX";;;;;;;0;;;;"-633275,372";"-1168718,47";"-633275,372";"-1168718,47";"-633272,312";"-1168714,327";"Dukovany";"";"";"místníkomunikace";"";"2582787";"";"Opaènıkesmìruúseku";"Pomalı";"590576";"";"GN_V0.1UIR-ADR_410";"1"
"161006170033";2;351;"2017-01-16";1;"1710";5;0;0;2;4;0;100;0;0;0;439;2;3;01;1;6;1;1;1;0;0;00;1;01;00;;3;60;"15";1;0;1;0;1;1;300;2;1;1;"-648797,773";"-1154742,818";"-648797,773";"-1154742,818";"-648798,619";"-1154744,551";"";"";"";"silnice2.tøídy";"351";"1162449";"";"Opaènıkesmìruúseku";"Pomalı";"545309";"";"GN_V0.1UIR-ADR_410";"2"
"161006170034";2;152;"2017-01-17";2;"0910";5;0;0;2;4;0;100;0;0;0;291;2;3;01;1;1;1;1;1;0;0;00;3;01;00;;3;07;"05";1;0;0;0;1;1;150;2;1;1;"-646538,722";"-1166046,355";"-646538,722";"-1166046,355";"-646538,431";"-1166047,182";"";"";"";"silnice2.tøídy";"152";"2086849";"";"Opaènıkesmìruúseku";"Pomalı";"591190";"";"GN_V0.1UIR-ADR_410";"2"
"161006170035";6;;"2017-01-18";3;"1350";1;4;0;2;1;2;503;0;0;0;1650;2;3;01;1;1;1;1;1;0;0;05;1;03;00;;5;31;"99";2;0;1;1;1;5;350;2;1;1;"-650103,473";"-1152742,279";"-650102,399";"-1152732,61";"-650102,557";"-1152732,219";"Tøebíè";"Cyrilometodìjská";"";"místníkomunikace";"";"1493895";"";"Opaènıkesmìruúseku";"Pomalı";"590266";"603228";"GN_V0.1UIR-ADR_410";"1"
"161006170036";2;152;"2017-01-18";3;"1755";5;0;0;2;4;0;100;0;0;0;200;2;1;01;1;6;1;1;1;0;0;00;1;01;00;;3;39;"12";3;0;1;0;1;1;200;2;1;1;"-637165,284";"-1166893,402";"-637165,284";"-1166893,402";"-637165,245";"-1166893,297";"";"";"";"silnice2.tøídy";"152";"2087131";"";"Souhlasnısesmìremúseku";"Pomalı";"591688";"";"GN_V0.1UIR-ADR_410";"2"
"161006170037";3;3935;"2017-01-18";3;"1720";5;0;0;2;4;0;100;0;0;0;341;2;1;01;1;6;1;1;1;0;0;00;1;01;00;;5;39;"09";1;0;1;0;1;1;200;2;1;1;"-628132,129";"-1165870,194";"-628132,129";"-1165870,194";"-628132,109";"-1165870,986";"";"";"";"silnice3.tøídy";"3935";"2086801";"";"Opaènıkesmìruúseku";"Pomalı";"591173";"";"GN_V0.1UIR-ADR_410";"2"
"161006170038";3;39015;"2017-01-20";5;"0900";3;0;3;2;1;2;204;0;0;0;100;2;6;01;6;1;1;1;3;0;0;00;3;01;00;;3;39;"97";1;0;1;0;1;3;50;2;1;1;"-640301,686";"-1153685,632";"-640301,686";"-1153685,632";"-640300,699";"-1153684,792";"";"";"";"silnice3.tøídy";"39015";"2083084";"";"Souhlasnısesmìremúseku";"Pomalı";"591726";"";"GN_V0.1UIR-ADR_410";"2"
"161006170039";2;360;"2017-01-21";6;"1445";5;0;0;2;4;0;100;0;0;0;239;2;1;01;1;1;1;1;1;0;0;00;1;01;00;;3;39;"";1;0;1;1;1;1;100;2;1;1;"-650920,826";"-1158463,059";"-650920,826";"-1158463,059";"-650922,016";"-1158462,937";"";"";"";"silnice2.tøídy";"360";"2084403";"";"Opaènıkesmìruúseku";"Pomalı";"591378";"";"GN_V0.1UIR-ADR_410";"2"
"161006170040";1;23;"2017-01-22";0;"1915";5;0;0;2;4;0;100;0;0;0;800;2;1;01;1;6;1;1;0;0;0;00;1;01;00;;3;47;"15";3;0;1;0;1;1;800;2;1;1;"-635858,006";"-1154092,655";"-635858,006";"-1154092,655";"-635852,902";"-1154065,303";"";"";"";"silnice1.tøídy";"23";"2083136";"";"Opaènıkesmìruúseku";"Pomalı";"591769";"";"GN_V0.1UIR-ADR_410";"2"
"161006170041";3;39217;"2017-01-23";1;"0430";5;0;0;2;4;0;100;0;0;0;139;2;1;01;1;6;1;1;1;0;0;00;1;01;00;;3;38;"09";1;0;1;0;1;3;100;2;1;1;"-632674,025";"-1160338,42";"-632674,025";"-1160338,42";"-632676,032";"-1160340,284";"";"";"";"silnice3.tøídy";"39217";"2084905";"";"Opaènıkesmìruúseku";"Pomalı";"511081";"";"GN_V0.1UIR-ADR_410";"2"
"161006170042";6;;"2017-01-23";1;"2560";3;0;9;2;1;0;511;0;0;0;300;1;5;01;6;4;1;1;8;0;0;00;1;01;00;;17;;"XX";;;;;;;0;;;;"-648740,089";"-1152356,137";"-648740,089";"-1152356,137";"-648740,442";"-1152356,598";"Tøebíè";"NaKopcích";"";"místníkomunikace";"";"611249";"";"Souhlasnısesmìremúseku";"Pomalı";"590266";"605093";"GN_V0.1UIR-ADR_410";"1"
"161006170043";2;360;"2017-01-24";2;"1240";3;0;3;2;1;0;205;0;0;0;450;2;1;01;1;1;1;1;1;0;0;00;2;01;00;;3;04;"01";1;1;1;0;1;1;400;3;1;1;"-645372,547";"-1146822,899";"-645367,192";"-1146825,041";"-645366,987";"-1146825,234";"";"";"";"silnice2.tøídy";"360";"1168227";"";"Souhlasnısesmìremúseku";"Pomalı";"591840";"";"GN_V0.1UIR-ADR_410";"2"
"161006170044";2;405;"2017-01-25";3;"0345";5;0;0;2;4;0;100;0;0;0;541;2;3;01;1;6;1;1;1;0;0;00;2;01;00;;3;25;"10";1;0;1;0;1;1;400;3;1;1;"-656890,355";"-1149720,235";"-656890,355";"-1149720,235";"-656892,657";"-1149721,661";"";"";"";"silnice2.tøídy";"405";"2082052";"";"Opaènıkesmìruúseku";"Pomalı";"591360";"";"GN_V0.1UIR-ADR_410";"2"
"161006170045";2;392;"2017-01-25";3;"0840";5;0;0;2;4;0;100;0;0;0;299;2;1;01;1;1;1;1;1;0;0;00;1;01;00;;3;32;"04";1;0;1;0;1;1;160;3;1;1;"-628200,657";"-1161975,19";"-628200,657";"-1161975,19";"-628192,914";"-1161972,242";"";"";"";"silnice2.tøídy";"392";"2085556";"";"Souhlasnısesmìremúseku";"Pomalı";"550302";"";"GN_V0.1UIR-ADR_410";"2"
"161006170046";6;;"2017-01-25";3;"1630";1;2;0;2;1;2;403;0;0;0;300;2;5;01;1;1;1;1;1;3;3;00;5;02;10;6;3;04;"98";1;1;0;0;1;5;200;2;1;1;"-656863,599";"-1148763,509";"-656863,599";"-1148763,509";"-656860,453";"-1148765,018";"Petrovice";"";"";"místníkomunikace";"";"1167899";"";"Opaènıkesmìruúseku";"Pomalı";"591360";"";"GN_V0.1UIR-ADR_410";"1"
"161006170047";3;34910;"2017-01-26";4;"0820";5;0;0;2;4;0;100;0;0;0;150;2;5;01;1;1;1;1;1;0;0;00;1;01;00;;3;31;"10";1;0;0;0;1;1;150;2;1;1;"-644397,245";"-1143734,282";"-644397,245";"-1143734,282";"-644399,043";"-1143734,134";"";"";"";"silnice3.tøídy";"34910";"3109879";"";"Opaènıkesmìruúseku";"Pomalı";"591912";"";"GN_V0.1UIR-ADR_410";"2"
"161006170048";6;;"2017-01-23";1;"2560";2;0;0;2;1;0;504;0;0;0;30;2;3;01;1;1;1;1;1;0;0;02;1;02;00;;17;;"XX";;;;;;;0;;;;"-650160,244";"-1153629,178";"-650160,244";"-1153629,178";"-650153,379";"-1153632,139";"Tøebíè";"Hartmannova";"";"místníkomunikace";"";"1548686";"";"";"Pomalı";"590266";"";"GN_V0.1UIR-ADR_410";"1"
"161006170049";3;39016;"2017-01-27";5;"0645";5;0;0;2;4;0;100;0;0;0;541;2;1;01;1;4;1;1;1;0;0;00;1;01;00;;3;39;"15";1;0;1;0;1;1;400;3;1;1;"-642319,894";"-1150646,511";"-642311,837";"-1150640,603";"-642311,689";"-1150640,506";"";"";"";"silnice3.tøídy";"39016";"2585890";"";"Souhlasnısesmìremúseku";"Pomalı";"587699";"";"GN_V0.1UIR-ADR_410";"2"
"161006170050";6;;"2017-01-27";5;"0915";3;0;6;2;1;2;509;0;0;0;130;2;1;01;1;1;1;1;1;0;0;00;1;01;00;;3;13;"05";1;0;1;0;1;5;100;9;;;"-652286,517";"-1153071,172";"-652286,517";"-1153071,172";"-652288,116";"-1153070,802";"Tøebíè";"Alšova";"";"místníkomunikace";"";"613602";"";"Souhlasnısesmìremúseku";"Pomalı";"590266";"604941";"GN_V0.1UIR-ADR_410";"1"
"161006170051";6;;"2017-01-27";5;"1460";2;0;0;2;1;0;504;0;0;0;150;2;1;01;1;1;1;0;8;0;0;10;1;02;00;;17;;"XX";;;;;;;0;;;;"-652117,287";"-1152972,018";"-652117,287";"-1152972,018";"-652102,391";"-1152975,165";"Tøebíè";"Praská";"";"místníkomunikace";"";"2916251";"";"Opaènıkesmìruúseku";"Pomalı";"590266";"";"GN_V0.1UIR-ADR_410";"1"
"161006170052";1;23;"2017-01-27";5;"1714";5;0;0;2;4;0;100;0;0;0;391;2;1;01;1;2;1;1;1;0;0;00;1;01;00;;3;39;"05";1;0;0;0;1;3;250;2;1;1;"-636292,256";"-1153976,813";"-636292,256";"-1153976,813";"-636293,501";"-1153983,556";"";"";"";"silnice1.tøídy";"23";"2083093";"";"Souhlasnısesmìremúseku";"Pomalı";"591297";"";"GN_V0.1UIR-ADR_410";"2"
"161006170053";2;399;"2017-01-29";0;"0135";5;0;0;2;4;0;100;0;0;0;100;2;1;01;1;6;1;1;1;0;0;00;1;01;00;;3;13;"15";1;0;1;0;1;3;100;3;1;1;"-628911,908";"-1154345,576";"-628911,908";"-1154345,576";"-628909,4";"-1154347,805";"";"";"";"silnice2.tøídy";"399";"2083179";"";"Souhlasnısesmìremúseku";"Pomalı";"590797";"";"GN_V0.1UIR-ADR_410";"2"
"161006170054";6;;"2017-01-27";5;"2560";2;0;0;2;1;0;504;0;0;0;30;2;5;01;1;1;1;1;8;0;0;02;1;02;00;;17;;"XX";;;;;;;0;;;;"-653342,349";"-1153127,602";"-653342,349";"-1153127,602";"-653341,981";"-1153126,221";"Tøebíè";"Zahranièníhoodboje";"";"místníkomunikace";"";"2916233";"";"Souhlasnısesmìremúseku";"Pomalı";"590266";"605565";"GN_V0.1UIR-ADR_410";"1"
"161006170055";6;;"2017-01-29";0;"2230";0;0;0;2;6;0;100;0;0;0;100;2;3;09;2;5;1;0;0;0;5;10;1;01;00;;3;02;"00";1;0;1;1;1;5;100;3;1;1;"-650785,094";"-1153795,188";"-650785,094";"-1153795,188";"-650785,905";"-1153795,039";"Tøebíè";"";"";"místníkomunikace";"";"730817";"";"Souhlasnısesmìremúseku";"Pomalı";"590266";"";"GN_V0.1UIR-ADR_410";"1"
"161006170056";2;360;"2017-01-31";2;"1445";3;0;1;1;1;2;204;0;0;1;1000;2;6;01;6;1;1;1;8;0;0;00;1;01;00;;5;39;"09";3;1;0;0;1;1;1000;2;1;1;"-643319,367";"-1142981,964";"-643319,367";"-1142981,964";"-643323,669";"-1142979,504";"";"";"";"silnice2.tøídy";"360";"2702327";"";"Souhlasnısesmìremúseku";"Pomalı";"591912";"";"GN_V0.1UIR-ADR_410";"2"
"161406170001";2;353;"2017-01-01";0;"1430";5;0;0;2;4;0;100;0;0;0;839;2;1;01;1;1;1;1;1;0;0;00;1;01;00;;3;47;"16";3;0;0;0;1;1;700;2;1;1;"-646078,034";"-1120916,574";"-646078,034";"-1120916,574";"-646075,006";"-1120918,439";"";"";"";"silnice2.tøídy";"353";"2066802";"";"Souhlasnısesmìremúseku";"Pomalı";"596922";"";"GN_V0.1UIR-ADR_410";"2"
"161406170002";3;3792;"2017-01-01";0;"1705";5;0;0;2;4;0;100;0;0;0;59;2;1;01;1;6;1;1;1;0;0;00;1;01;00;;3;39;"11";1;0;0;0;1;1;20;2;1;1;"-625650,895";"-1143192,609";"-625650,895";"-1143192,609";"-625648,199";"-1143189,416";"Vlkov";"";"";"silnice3.tøídy";"3792";"2921534";"";"Souhlasnısesmìremúseku";"Pomalı";"597082";"";"GN_V0.1UIR-ADR_410";"1"
"161406170003";2;350;"2017-01-03";2;"1300";9;0;0;1;1;2;204;0;0;1;200;2;5;01;1;1;1;1;1;0;0;00;2;01;00;;3;35;"01";1;1;1;0;1;1;200;2;1;1;"-639161,662";"-1106784,785";"-639175,46";"-1106778,748";"-639175,285";"-1106778,765";"";"";"";"silnice2.tøídy";"350";"1733034";"";"Souhlasnısesmìremúseku";"Pomalı";"596841";"";"GN_V0.1UIR-ADR_410";"2"
"161406170004";6;;"2017-01-04";3;"0630";3;0;6;2;1;2;511;0;0;0;2660;2;6;01;5;5;3;1;1;0;0;00;3;02;00;;12;00;"";3;0;1;0;1;5;10;3;1;1;"-642766,724";"-1109623,065";"-642765";"-1109610,993";"-642764,654";"-1109610,691";"Polnièka";"";"";"místníkomunikace";"";"2584342";"";"Opaènıkesmìruúseku";"Pomalı";"596485";"";"GN_V0.1UIR-ADR_410";"1"
"161406170005";6;;"2017-01-05";4;"2560";2;0;0;2;1;0;502;0;0;0;100;2;6;01;6;1;1;1;2;0;0;10;1;02;00;;17;;"XX";;;;;;;0;;;;"-642014,064";"-1115349,917";"-642014,064";"-1115349,917";"-642009,494";"-1115341,864";"ïárnadSázavou";"Nádraní";"";"místníkomunikace";"";"1713557";"";"Opaènıkesmìruúseku";"Pomalı";"595209";"655481";"GN_V0.1UIR-ADR_410";"1"
"161406170006";1;37;"2017-01-09";1;"0860";2;0;0;2;1;0;511;0;0;0;200;2;3;01;1;1;1;1;2;0;0;00;1;02;00;;17;;"XX";;;;;;;0;;;;"-641762,682";"-1114694,663";"-641762,682";"-1114694,663";"-641770,256";"-1114697,842";"ïárnadSázavou";"nám.Republiky";"";"silnice1.tøídy";"37";"1713543";"";"Opaènıkesmìruúseku";"Pomalı";"595209";"655490";"GN_V0.1UIR-ADR_410";"1"
"161406170007";1;37;"2017-01-09";1;"1700";5;0;0;2;4;0;100;0;0;0;639;2;3;01;1;6;1;1;1;0;0;00;1;01;00;;3;39;"12";3;0;1;0;1;1;500;2;1;1;"-633681,799";"-1131809,206";"-633681,799";"-1131809,206";"-633676,468";"-1131812,748";"";"";"";"silnice1.tøídy";"37";"2068053";"";"Souhlasnısesmìremúseku";"Pomalı";"596515";"";"GN_V0.1UIR-ADR_410";"2"
"161406170008";6;;"2017-01-11";3;"0860";2;0;0;2;1;0;502;0;0;0;150;2;6;01;1;1;1;1;1;0;0;00;1;02;00;;17;;"XX";;;;;;;0;;;;"-639778,583";"-1108313,047";"-639778,583";"-1108313,047";"-639777,408";"-1108315,932";"Svìtnov";"";"";"místníkomunikace";"";"3230731";"";"Souhlasnısesmìremúseku";"Pomalı";"596841";"";"GN_V0.1UIR-ADR_410";"1"
"161406170009";2;602;"2017-01-13";5;"1540";2;0;0;1;1;2;204;0;0;2;750;2;6;01;1;1;1;1;1;0;0;00;1;04;00;;3;39;"09";1;1;1;0;1;3;400;2;1;1;"-643344,541";"-1135542,409";"-643343,247";"-1135549,74";"-643342,949";"-1135549,095";"";"";"";"silnice2.tøídy";"602";"1656366";"";"Opaènıkesmìruúseku";"Pomalı";"597007";"";"GN_V0.1UIR-ADR_410";"2"
"161406170010";2;602;"2017-01-13";5;"1550";1;4;0;2;1;2;204;0;0;0;200;2;6;01;1;1;1;1;1;0;0;00;1;02;00;;3;39;"03";1;1;1;0;1;3;100;2;1;1;"-643450,395";"-1135501,705";"-643450,395";"-1135501,705";"-643449,529";"-1135499,831";"";"";"";"silnice2.tøídy";"602";"1656366";"";"Opaènıkesmìruúseku";"Pomalı";"597007";"";"GN_V0.1UIR-ADR_410";"2"
"161406170011";6;;"2017-01-15";0;"2560";2;0;0;2;1;0;511;0;0;0;70;2;6;01;1;4;1;1;1;0;0;00;3;02;00;;3;39;"03";1;0;3;0;1;5;20;2;1;1;"-641659,577";"-1114160,439";"-641659,577";"-1114160,439";"-641655,717";"-1114163,883";"ïárnadSázavou";"STUDENTSKÁ";"";"místníkomunikace";"";"1713465";"";"Souhlasnısesmìremúseku";"Pomalı";"595209";"";"GN_V0.1UIR-ADR_410";"1"
"161406170012";2;354;"2017-01-17";2;"1350";5;0;0;2;4;0;100;0;0;0;100;2;5;01;1;1;1;1;1;0;0;00;2;01;00;;5;12;"03";3;0;1;0;1;1;100;2;1;1;"-642321,817";"-1127714,511";"-642321,817";"-1127714,511";"-642322,384";"-1127713,945";"";"";"";"silnice2.tøídy";"354";"1152759";"";"Opaènıkesmìruúseku";"Pomalı";"596574";"";"GN_V0.1UIR-ADR_410";"2"
"161406170013";2;353;"2017-01-17";2;"2130";9;0;0;1;1;0;204;0;0;1;200;2;3;01;1;6;1;1;1;0;0;00;1;01;00;;3;44;"08";1;0;1;1;1;1;200;3;0;1;"-649283,63";"-1123287,643";"-649283,63";"-1123287,643";"-649285,022";"-1123293,742";"";"";"";"silnice2.tøídy";"353";"1733095";"";"Opaènıkesmìruúseku";"Pomalı";"596671";"";"GN_V0.1UIR-ADR_410";"2"
"161406170014";2;353;"2017-01-02";1;"2560";3;0;9;2;1;0;511;0;0;0;200;2;5;01;1;4;3;1;1;0;0;00;3;01;00;;9;00;"16";3;1;1;0;1;1;0;2;1;1;"-634135,526";"-1108533,913";"-634135,526";"-1108533,913";"-634137,148";"-1108533,356";"Fryšavapodákovouhorou";"";"";"silnice2.tøídy";"353";"1141479";"";"Souhlasnısesmìremúseku";"Pomalı";"595578";"";"GN_V0.1UIR-ADR_410";"1"
"161406170015";6;;"2017-01-20";5;"2560";2;0;0;2;1;0;504;0;0;0;200;2;6;01;1;1;1;1;8;0;0;10;1;02;00;;17;;"XX";;;;;;;0;;;;"-642789,329";"-1114419,518";"-642789,329";"-1114419,518";"-642785,644";"-1114411,351";"ïárnadSázavou";"Okruní";"";"místníkomunikace";"";"508262";"";"Souhlasnısesmìremúseku";"Pomalı";"595209";"655554";"GN_V0.1UIR-ADR_410";"1"
"161406170016";3;36044;"2017-01-22";0;"1035";3;0;6;1;1;2;508;0;0;1;1000;2;5;01;6;1;1;1;8;3;4;00;5;01;19;3;9;00;"84";3;0;1;0;1;13;200;3;1;1;"-629821,289";"-1134023,313";"-629813,959";"-1134015,551";"-629814,14";"-1134015,245";"Kundratice";"";"";"silnice3.tøídy";"36044";"1244024";"";"Opaènıkesmìruúseku";"Pomalı";"595977";"";"GN_V0.1UIR-ADR_410";"1"
"161406170017";1;37;"2017-01-22";0;"1135";4;0;0;1;1;2;412;0;0;1;0;2;3;01;1;1;1;1;1;0;0;01;1;01;00;;3;39;"11";1;0;1;0;1;1;0;2;1;1;"-641592,507";"-1114017,357";"-641592,507";"-1114017,357";"-641589,66";"-1114020,527";"ïárnadSázavou";"Jungmannova";"";"silnice1.tøídy";"37";"506777";"";"Souhlasnısesmìremúseku";"Pomalı";"595209";"655252";"GN_V0.1UIR-ADR_410";"1"
"161406170018";1;19;"2017-01-22";0;"1755";5;0;0;2;4;0;100;0;0;0;241;2;3;01;1;6;1;1;1;0;0;00;1;01;00;;3;39;"10";1;0;1;0;1;3;100;4;1;1;"-621609,449";"-1120462,631";"-621609,449";"-1120462,631";"-621609,581";"-1120463,294";"";"";"";"silnice1.tøídy";"19";"3294643";"";"Souhlasnısesmìremúseku";"Pomalı";"595411";"";"GN_V0.1UIR-ADR_410";"2"
"161406170019";2;354;"2017-01-22";0;"1720";1;4;0;2;1;0;503;0;0;0;350;2;5;01;1;4;1;1;1;0;0;00;1;02;00;;3;39;"06";1;0;0;0;1;1;0;9;;;"-632275,305";"-1099321,272";"-632275,305";"-1099321,272";"-632278,456";"-1099330,683";"Svratka";"Pláòava";"";"silnice2.tøídy";"354";"453986";"";"Opaènıkesmìruúseku";"Pomalı";"596868";"653527";"GN_V0.1UIR-ADR_410";"1"
"161406170020";1;19;"2017-01-22";0;"1310";6;0;0;2;4;0;100;0;0;0;180;2;3;01;1;1;1;1;1;3;3;00;5;01;19;1;3;26;"07";1;0;1;0;1;31;100;2;1;1;"-623415,24";"-1119240,575";"-623427,745";"-1119259,548";"-623426,962";"-1119258,691";"";"";"";"silnice1.tøídy";"19";"2703326";"";"Opaènıkesmìruúseku";"Pomalı";"596647";"";"GN_V0.1UIR-ADR_410";"2"
"161406170021";2;357;"2017-01-25";3;"1404";5;0;0;2;4;0;100;0;0;0;100;2;3;01;1;1;1;1;1;0;0;00;1;01;00;;5;32;"08";3;0;1;0;1;1;100;3;1;1;"-620087,172";"-1114167,315";"-620087,172";"-1114167,315";"-620087,511";"-1114167,635";"";"";"";"silnice2.tøídy";"357";"2066740";"";"Opaènıkesmìruúseku";"Pomalı";"595454";"";"GN_V0.1UIR-ADR_410";"2"
"161406170022";1;37;"2017-01-26";4;"0510";6;0;0;2;4;0;100;0;0;0;100;2;3;01;1;6;1;1;1;0;0;00;1;01;00;;3;16;"09";1;0;1;1;1;1;100;2;1;1;"-635715,139";"-1128399,542";"-635715,139";"-1128399,542";"-635730,563";"-1128406,476";"";"";"";"silnice1.tøídy";"37";"1262087";"";"Opaènıkesmìruúseku";"Pomalı";"596744";"";"GN_V0.1UIR-ADR_410";"2"
"161406170023";1;37;"2017-01-26";4;"1160";2;0;0;2;1;0;511;0;0;0;100;2;3;01;1;1;1;1;2;0;0;00;1;02;00;;17;;"XX";;;;;;;0;;;;"-641746,009";"-1114799,849";"-641727,038";"-1114783,897";"-641727,077";"-1114783,921";"ïárnadSázavou";"nám.Republiky";"";"silnice1.tøídy";"37";"870411";"";"Opaènıkesmìruúseku";"Pomalı";"595209";"655490";"GN_V0.1UIR-ADR_410";"1"
"161406170024";2;360;"2017-01-26";4;"2150";5;0;0;2;4;0;100;0;0;0;241;2;1;01;1;6;1;1;1;0;0;01;1;01;00;;3;12;"04";1;0;1;0;1;1;100;2;1;1;"-635116,109";"-1136205,267";"-635116,109";"-1136205,267";"-635116,408";"-1136204,61";"";"";"";"silnice2.tøídy";"360";"2068055";"";"Opaènıkesmìruúseku";"Pomalı";"595888";"";"GN_V0.1UIR-ADR_410";"2"
"161406170025";3;29;"2017-01-27";5;"2560";3;0;9;2;1;0;204;0;0;0;200;2;6;01;1;4;1;1;1;0;0;00;1;01;00;;3;32;"04";1;1;3;1;1;1;100;2;1;1;"-634103,149";"-1142287,402";"-634103,149";"-1142287,402";"-634106,296";"-1142289,646";"Jabloòov";"";"";"silnice3.tøídy";"0029";"1493508";"";"Opaènıkesmìruúseku";"Pomalı";"595730";"";"GN_V0.1UIR-ADR_410";"1"
"161406170026";6;;"2017-01-18";3;"2560";3;0;9;2;1;0;504;0;0;0;20;2;6;01;1;1;1;1;1;0;0;00;1;01;00;;17;;"XX";;;;;;;0;;;;"-641902,062";"-1114876,752";"-641902,062";"-1114876,752";"-641904,038";"-1114877,064";"ïárnadSázavou";"NÁDRANÍ";"";"místníkomunikace";"";"731361";"";"Souhlasnısesmìremúseku";"Pomalı";"595209";"";"GN_V0.1UIR-ADR_410";"1"
"161406170027";6;;"2017-01-26";4;"2560";3;0;6;2;1;0;504;0;0;0;50;1;6;01;6;4;1;1;8;0;0;10;1;01;00;;17;;"XX";;;;;;;0;;;;"-642355,674";"-1114296,24";"-642357,399";"-1114304,864";"-642357,393";"-1114304,833";"ïárnadSázavou";"REVOLUÈNÍ";"";"místníkomunikace";"";"507682";"";"Souhlasnısesmìremúseku";"Pomalı";"595209";"";"GN_V0.1UIR-ADR_410";"1"
"161406170028";2;354;"2017-01-30";1;"1230";1;1;0;2;1;0;501;0;0;0;10;2;1;01;1;1;1;1;1;0;0;00;1;02;00;;17;;"XX";;;;;;;0;;;;"-642564,625";"-1130140,308";"-642564,625";"-1130140,308";"-642557,516";"-1130138,033";"";"";"";"silnice2.tøídy";"354";"1154193";"";"Souhlasnısesmìremúseku";"Pomalı";"596183";"";"GN_V0.1UIR-ADR_410";"2"
"161406170029";2;387;"2017-01-31";2;"1245";1;3;0;2;1;2;204;0;0;0;2650;2;6;01;1;1;1;1;1;3;3;00;5;02;19;6;3;47;"96";1;1;1;0;1;13;100;2;1;1;"-614397,715";"-1126864,796";"-614387,366";"-1126866,952";"-614386,929";"-1126867,08";"Ujèov";"";"";"silnice2.tøídy";"387";"3268525";"";"Opaènıkesmìruúseku";"Pomalı";"596914";"";"GN_V0.1UIR-ADR_410";"1"
"161406170030";6;;"2017-01-30";1;"2560";2;0;0;2;1;0;504;0;0;0;150;2;6;01;1;1;1;1;1;0;0;00;1;02;00;;17;;"XX";;;;;;;0;;;;"-625304,353";"-1146069,478";"-625304,353";"-1146069,478";"-625317,133";"-1146073,738";"VelkáBíteš";"";"";"místníkomunikace";"";"1942207";"";"Souhlasnısesmìremúseku";"Pomalı";"596973";"";"GN_V0.1UIR-ADR_410";"1"
"161606170001";2;130;"2017-01-01";0;"0310";5;0;0;2;4;0;100;0;0;0;641;2;1;01;1;6;1;1;1;0;0;00;1;01;00;;3;35;"11";1;0;1;0;1;1;500;2;1;1;"-689636,018";"-1101022,848";"-689636,018";"-1101022,848";"-689639,271";"-1101021,581";"";"";"";"silnice2.tøídy";"130";"2076599";"";"Souhlasnısesmìremúseku";"Pomalı";"548243";"";"GN_V0.1UIR-ADR_410";"2"
"161606170002";3;3509;"2017-01-02";1;"1123";3;0;1;1;1;0;511;0;0;1;600;2;1;01;1;1;1;1;8;0;0;00;1;01;00;;3;31;"06";1;0;1;1;2;1;600;2;8;1;"-657027,376";"-1104156,745";"-657018,96";"-1104140,994";"-657015,522";"-1104134,216";"";"";"";"silnice3.tøídy";"3509";"2076890";"";"Souhlasnısesmìremúseku";"Pomalı";"568503";"";"GN_V0.1UIR-ADR_410";"2"
"161606170003";1;37;"2017-01-02";1;"1300";9;0;0;1;1;2;204;0;0;1;200;2;3;01;5;1;1;1;8;0;0;00;2;01;00;;3;47;"99";1;1;1;0;1;3;200;2;1;1;"-648461,699";"-1095085,78";"-648461,699";"-1095085,78";"-648465,345";"-1095082,225";"";"";"";"silnice1.tøídy";"37";"3306210";"";"Opaènıkesmìruúseku";"Pomalı";"569780";"";"GN_V0.1UIR-ADR_410";"2"
"161606170004";1;34;"2017-01-02";1;"1154";4;0;0;1;7;0;608;0;0;1;0;2;3;01;1;1;1;1;6;0;0;00;3;01;00;;17;;"XX";;;;;;;0;;;;"-676304,477";"-1110397,04";"-676304,477";"-1110397,04";"-676301,666";"-1110401,196";"Vì";"";"";"silnice1.tøídy";"34";"3218610";"";"Souhlasnısesmìremúseku";"Pomalı";"569691";"";"GN_V0.1UIR-ADR_410";"1"
"161606170005";3;3471;"2017-01-02";1;"1235";5;0;0;2;4;0;100;0;0;0;150;2;3;01;1;1;1;1;1;0;0;00;1;01;00;;3;39;"13";3;0;1;0;1;1;150;2;1;1;"-673243,198";"-1094033,907";"-673244,81";"-1094043,575";"-673244,787";"-1094043,468";"";"";"";"silnice3.tøídy";"3471";"2076425";"";"Souhlasnısesmìremúseku";"Pomalı";"569615";"";"GN_V0.1UIR-ADR_410";"2"
"161606170006";6;;"2017-01-02";1;"1530";3;0;3;2;1;2;511;0;0;0;25;2;8;01;5;3;1;1;8;3;3;01;5;01;10;6;3;35;"10";1;0;1;0;1;5;5;2;1;1;"-659010,07";"-1095381,113";"-659010,07";"-1095381,113";"-659010,95";"-1095383,038";"Chotìboø";"Jiráskova";"";"místníkomunikace";"";"440452";"";"Souhlasnısesmìremúseku";"Pomalı";"568759";"113719";"GN_V0.1UIR-ADR_410";"1"
"161606170007";3;34728;"2017-01-03";2;"1250";3;0;9;2;1;0;504;0;0;0;30;2;5;01;1;1;1;1;8;3;3;00;5;01;19;6;17;;"XX";;;;;;;0;;;;"-677998,656";"-1095241,758";"-677998,656";"-1095241,758";"-677997,964";"-1095243,265";"Druhanov";"";"";"silnice3.tøídy";"34728";"1886062";"";"Souhlasnısesmìremúseku";"Pomalı";"568619";"";"GN_V0.1UIR-ADR_410";"1"
"161606170008";2;346;"2017-01-04";3;"0845";4;0;0;1;3;2;100;0;0;1;0;2;6;01;6;1;1;1;1;0;0;00;1;01;00;;3;07;"01";1;1;1;0;1;3;0;3;1;1;"-666608,071";"-1095357,566";"-666604,834";"-1095356,487";"-666603,906";"-1095357,423";"Sedletín";"";"";"silnice2.tøídy";"346";"2856875";"";"Souhlasnısesmìremúseku";"Pomalı";"548421";"";"GN_V0.1UIR-ADR_410";"1"
"161606170009";2;344;"2017-01-04";3;"1010";1;2;0;2;1;2;204;0;0;0;330;2;5;01;1;1;1;1;1;0;0;00;3;02;00;;5;24;"90";3;1;1;0;1;1;200;3;1;1;"-656896,085";"-1088233,935";"-656896,085";"-1088233,935";"-656896,875";"-1088234,383";"";"";"";"silnice2.tøídy";"344";"2076540";"";"Souhlasnısesmìremúseku";"Pomalı";"569089";"";"GN_V0.1UIR-ADR_410";"2"
"161606170010";7;;"2017-01-05";4;"1045";4;0;0;1;1;2;504;0;0;1;0;2;8;01;1;1;1;1;1;0;0;00;1;01;00;;5;64;"01";3;0;1;0;1;5;0;3;1;1;"-676860,03";"-1096090,058";"-676860,03";"-1096090,058";"-676857,701";"-1096090,299";"JOSEFODOL";"";"";"místníkomunikace";"";"2695758";"";"Souhlasnısesmìremúseku";"Pomalı";"569569";"";"GN_V0.1UIR-ADR_410";"1"
"161606170011";6;;"2017-01-05";4;"1315";3;0;3;2;1;0;504;0;0;0;12;2;5;01;5;3;1;1;1;0;0;00;1;01;00;;5;47;"14";1;0;1;0;1;5;2;2;1;1;"-667278,699";"-1106617,031";"-667278,699";"-1106617,031";"-667279,262";"-1106618,321";"HavlíèkùvBrod";"Havlíèkova";"";"místníkomunikace";"";"732026";"";"Opaènıkesmìruúseku";"Pomalı";"568414";"111481";"GN_V0.1UIR-ADR_410";"1"
"161606170012";2;344;"2017-01-06";5;"1020";1;2;0;2;1;2;501;0;0;0;20;2;3;01;5;3;1;1;1;0;0;00;3;02;00;;3;39;"00";1;0;1;0;1;1;10;3;1;1;"-661828,872";"-1099102,787";"-661828,872";"-1099102,787";"-661828,272";"-1099103,004";"";"";"";"silnice2.tøídy";"344";"3265654";"";"Souhlasnısesmìremúseku";"Pomalı";"569399";"";"GN_V0.1UIR-ADR_410";"2"
"161606170013";2;150;"2017-01-06";5;"1355";4;0;0;1;3;2;100;0;0;1;20;2;3;01;5;3;1;1;1;0;0;00;1;01;00;;3;13;"00";1;0;1;0;1;3;20;2;1;1;"-666545,19";"-1107024,612";"-666545,19";"-1107024,612";"-666545,041";"-1107024,214";"HavlíèkùvBrod";"ikova";"";"silnice2.tøídy";"150";"1712063";"";"Souhlasnısesmìremúseku";"Pomalı";"568414";"113026";"GN_V0.1UIR-ADR_410";"1"
"161606170014";1;19;"2017-01-06";5;"1750";3;0;1;1;1;2;204;0;0;1;400;2;6;01;5;7;1;1;3;0;0;00;1;01;00;;5;13;"97";1;0;1;0;1;3;400;2;1;1;"-653491,538";"-1112768,959";"-653491,538";"-1112768,959";"-653490,164";"-1112766,474";"";"";"";"silnice1.tøídy";"19";"1494252";"";"Souhlasnısesmìremúseku";"Pomalı";"569321";"";"GN_V0.1UIR-ADR_410";"2"
"161606170015";6;;"2017-01-06";5;"1930";3;0;3;2;1;2;504;0;0;0;5;2;6;01;1;4;1;1;8;0;0;00;1;01;00;;5;04;"02";1;0;1;0;1;5;0;2;1;1;"-667111,77";"-1106786,727";"-667102,491";"-1106773,996";"-667102,664";"-1106774,774";"HavlíèkùvBrod";"Havlíèkovonámìstí";"";"místníkomunikace";"";"482748";"";"Souhlasnısesmìremúseku";"Pomalı";"568414";"111490";"GN_V0.1UIR-ADR_410";"1"
"161606170016";2;347;"2017-01-06";5;"2215";5;0;0;2;4;0;100;0;0;0;341;2;3;01;1;6;1;1;1;0;0;00;1;01;00;;3;47;"07";1;0;1;0;1;1;200;3;1;1;"-677305,601";"-1096497,273";"-677305,601";"-1096497,273";"-677289,596";"-1096501,718";"";"";"";"silnice2.tøídy";"347";"2694259";"";"Opaènıkesmìruúseku";"Pomalı";"573604";"";"GN_V0.1UIR-ADR_410";"2"
"161606170017";2;150;"2017-01-10";2;"1005";5;0;0;2;4;0;100;0;0;0;441;2;3;01;1;1;1;1;1;0;0;00;3;01;00;;3;39;"16";3;0;1;0;1;3;300;2;1;1;"-684016,351";"-1096258,344";"-684016,351";"-1096258,344";"-684019,084";"-1096259,515";"";"";"";"silnice2.tøídy";"150";"2077038";"";"Souhlasnısesmìremúseku";"Pomalı";"569721";"";"GN_V0.1UIR-ADR_410";"2"
"161606170018";1;38;"2017-01-10";2;"2560";3;0;2;2;1;0;511;0;0;0;500;2;3;01;1;1;1;1;8;0;0;02;1;01;00;;17;;"XX";;;;;;;0;;;;"-667320,82";"-1106184,039";"-667323,193";"-1106182,529";"-667323,179";"-1106182,531";"HavlíèkùvBrod";"";"";"silnice1.tøídy";"38";"3365720";"";"Souhlasnısesmìremúseku";"Pomalı";"568414";"";"GN_V0.1UIR-ADR_410";"1"
"161606170019";2;150;"2017-01-11";3;"1054";1;2;0;2;1;2;501;0;0;0;300;2;3;01;1;1;1;1;1;0;0;00;3;02;00;;5;19;"16";3;0;1;0;1;3;150;3;1;1;"-666629,557";"-1107002,346";"-666629,341";"-1107008,606";"-666629,328";"-1107009,779";"HavlíèkùvBrod";"ikova";"";"silnice2.tøídy";"150";"1712062";"";"Opaènıkesmìruúseku";"Pomalı";"568414";"113026";"GN_V0.1UIR-ADR_410";"1"
"161606170020";8;;"2017-01-11";3;"2560";2;0;0;2;1;0;504;0;0;0;250;2;6;01;1;1;1;1;1;0;0;10;1;02;00;;17;;"XX";;;;;;;0;;;;"-666884,633";"-1106966,109";"-666884,633";"-1106966,109";"-666876,636";"-1106967,842";"HavlíèkùvBrod";"ikova";"";"místníkomunikace";"";"483629";"";"Souhlasnısesmìremúseku";"Pomalı";"568414";"";"GN_V0.1UIR-ADR_410";"1"
"161606170021";1;38;"2017-01-11";3;"1910";1;1;0;1;1;2;501;0;0;1;600;2;8;01;5;7;1;1;1;0;0;00;1;02;00;;3;42;"96";1;0;1;0;1;3;300;3;1;1;"-671368,459";"-1091825,004";"-671377,555";"-1091800,601";"-671376,72";"-1091800,451";"";"";"";"silnice1.tøídy";"38";"2077204";"";"Souhlasnısesmìremúseku";"Pomalı";"568651";"";"GN_V0.1UIR-ADR_410";"2"
"161606170022";1;38;"2017-01-12";4;"0700";1;4;0;1;1;2;204;0;0;1;250;2;8;01;5;4;1;1;1;3;4;02;4;02;19;6;3;47;"98";1;0;1;0;1;31;150;2;1;1;"-667459,455";"-1106574,479";"-667459,455";"-1106574,479";"-667458,364";"-1106574,909";"HavlíèkùvBrod";"Masarykova";"";"silnice1.tøídy";"38";"482627";"";"Souhlasnısesmìremúseku";"Pomalı";"568414";"111805";"GN_V0.1UIR-ADR_410";"1"
"161606170023";6;;"2017-01-11";3;"1600";3;0;9;2;1;0;504;0;0;0;30;2;5;01;1;1;1;1;8;0;0;00;1;01;00;;5;26;"11";3;0;1;0;1;5;0;3;1;1;"-678096,079";"-1098595,586";"-678098,884";"-1098582,423";"-678098,624";"-1098582,387";"SvìtlánadSázavou";"Zámecká";"";"místníkomunikace";"";"2504505";"";"";"Pomalı";"569569";"117056";"GN_V0.1UIR-ADR_410";"1"
"161606170024";3;34610;"2017-01-12";4;"1235";2;0;0;2;1;2;502;0;0;0;10;2;8;01;1;1;1;1;1;0;0;00;1;02;00;;9;00;"11";3;0;1;0;1;1;0;3;1;1;"-671535,202";"-1089518,349";"-671535,202";"-1089518,349";"-671535,591";"-1089519,554";"Habry";"NaPáchu";"";"silnice3.tøídy";"34610";"1492339";"";"Opaènıkesmìruúseku";"Pomalı";"568651";"110914";"GN_V0.1UIR-ADR_410";"1"
"161606170025";1;38;"2017-01-12";4;"1830";5;0;0;2;4;0;100;0;0;0;379;2;3;01;1;6;1;1;1;0;0;00;1;01;00;;3;47;"05";1;0;1;0;1;1;150;2;1;1;"-671358,651";"-1091911,143";"-671358,651";"-1091911,143";"-671356,085";"-1091910,657";"";"";"";"silnice1.tøídy";"38";"2077202";"";"Souhlasnısesmìremúseku";"Pomalı";"568651";"";"GN_V0.1UIR-ADR_410";"2"
"161606170026";1;37;"2017-01-13";5;"1520";1;3;0;1;1;2;204;0;0;1;400;2;8;01;7;1;1;1;1;0;0;00;1;02;00;;3;47;"01";1;1;1;0;1;1;300;2;1;1;"-645557,665";"-1100757,045";"-645557,665";"-1100757,045";"-645558,378";"-1100758,013";"";"";"";"silnice1.tøídy";"37";"2912655";"";"Opaènıkesmìruúseku";"Pomalı";"568945";"";"GN_V0.1UIR-ADR_410";"2"
"161606170027";2;345;"2017-01-13";5;"1815";5;0;0;2;4;0;100;0;0;0;191;2;3;01;5;7;1;1;1;0;0;00;1;01;00;;3;12;"12";1;0;1;0;1;1;50;2;1;1;"-653825,841";"-1097375,276";"-653828,646";"-1097369,45";"-653828,777";"-1097369,926";"";"";"";"silnice2.tøídy";"345";"1137172";"";"Souhlasnısesmìremúseku";"Pomalı";"569518";"";"GN_V0.1UIR-ADR_410";"2"
"161606170028";3;34814;"2017-01-14";6;"1450";5;0;0;2;4;0;100;0;0;0;350;2;8;01;1;1;1;1;1;0;0;00;2;01;00;;3;47;"16";3;0;1;0;1;3;350;3;1;1;"-669660,466";"-1111324,581";"-669660,466";"-1111324,581";"-669660,835";"-1111324,472";"";"";"";"silnice3.tøídy";"34814";"2578879";"";"Souhlasnısesmìremúseku";"Pomalı";"569038";"";"GN_V0.1UIR-ADR_410";"2"
"161606170029";2;344;"2017-01-15";0;"1840";1;2;0;2;1;0;502;0;0;0;100;2;3;01;1;6;1;1;1;0;0;00;1;02;00;;17;;"XX";;;;;;;0;;;;"-660942,941";"-1097718,028";"-660942,941";"-1097718,028";"-660945,032";"-1097716,609";"";"";"";"silnice2.tøídy";"344";"2075886";"";"Opaènıkesmìruúseku";"Pomalı";"569399";"";"GN_V0.1UIR-ADR_410";"2"
"161606170030";1;34;"2017-01-16";1;"0830";3;0;2;2;1;2;511;0;0;0;270;2;3;01;1;1;1;1;8;0;0;00;1;01;00;;7;40;"01";3;0;1;0;1;1;200;3;1;1;"-667170,121";"-1105413,485";"-667170,121";"-1105413,485";"-667169,445";"-1105409,384";"HavlíèkùvBrod";"UCihláøe";"";"silnice1.tøídy";"34";"476710";"";"Opaènıkesmìruúseku";"Pomalı";"568414";"699179";"GN_V0.1UIR-ADR_410";"1"
"161606170031";6;;"2017-01-16";1;"0850";2;0;0;2;1;2;504;0;0;0;50;2;3;01;1;1;1;0;1;0;0;00;1;02;00;;3;09;"98";1;0;1;0;1;5;20;2;1;1;"-667014,134";"-1107130,134";"-667014,134";"-1107130,134";"-667016,044";"-1107133,705";"HavlíèkùvBrod";"Nádraní";"";"místníkomunikace";"";"1641547";"";"Opaènıkesmìruúseku";"Pomalı";"568414";"";"GN_V0.1UIR-ADR_410";"1"
"161606170032";1;34;"2017-01-16";1;"2560";3;0;9;2;1;0;511;0;0;0;50;2;3;01;1;1;1;1;8;0;0;00;1;01;00;;17;;"XX";;;;;;;0;;;;"-675952,633";"-1110425,709";"-675989,972";"-1110432,4";"-675989,982";"-1110431,894";"Vì";"";"";"silnice1.tøídy";"34";"2054952";"";"Opaènıkesmìruúseku";"Pomalı";"569691";"";"GN_V0.1UIR-ADR_410";"1"
"161606170033";1;38;"2017-01-18";3;"1510";3;0;4;2;1;2;201;0;0;0;1240;2;1;01;1;1;1;1;8;0;0;00;1;01;00;;3;17;"11";1;0;1;0;1;1;800;2;1;1;"-667896,628";"-1119854,882";"-667910,225";"-1119851,644";"-667909,288";"-1119851,618";"";"";"";"silnice1.tøídy";"38";"2055238";"";"Souhlasnısesmìremúseku";"Pomalı";"569593";"";"GN_V0.1UIR-ADR_410";"2"
"161606170034";6;;"2017-01-19";4;"1020";3;0;9;2;1;2;511;0;0;0;210;2;1;01;1;1;1;0;3;3;3;02;7;01;10;6;7;48;"06";9;0;1;0;1;5;0;3;1;1;"-667127,234";"-1106121,273";"-667127,234";"-1106121,273";"-667126,504";"-1106127,849";"HavlíèkùvBrod";"Praská";"";"místníkomunikace";"";"731158";"";"Souhlasnısesmìremúseku";"Pomalı";"568414";"";"GN_V0.1UIR-ADR_410";"1"
"161606170035";2;150;"2017-01-19";4;"2130";5;0;0;2;4;0;100;0;0;0;479;2;1;01;1;6;1;1;1;0;0;00;2;01;00;;3;41;"02";1;0;1;1;1;3;250;3;1;1;"-677890,33";"-1099355,356";"-677890,546";"-1099353,846";"-677889,492";"-1099353,459";"";"";"";"silnice2.tøídy";"150";"454731";"";"Souhlasnısesmìremúseku";"Pomalı";"569569";"";"GN_V0.1UIR-ADR_410";"2"
"161606170036";1;34;"2017-01-20";5;"0525";1;2;0;2;1;0;310;0;0;0;250;2;1;01;1;6;1;1;1;0;0;00;2;03;00;;17;;"XX";;;;;;;0;;;;"-670585,812";"-1108841,57";"-670585,812";"-1108841,57";"-670585,266";"-1108844,061";"";"";"";"silnice1.tøídy";"34";"1656688";"";"Opaènıkesmìruúseku";"Pomalı";"568414";"";"GN_V0.1UIR-ADR_410";"2"
"161606170037";2;344;"2017-01-20";5;"1645";1;2;0;2;1;2;502;0;0;0;350;2;1;01;1;2;1;1;1;0;0;00;2;02;00;;8;78;"09";4;0;1;0;1;1;150;4;1;1;"-659906,443";"-1095958,746";"-659906,443";"-1095958,746";"-659906,074";"-1095959,125";"";"";"";"silnice2.tøídy";"344";"3106222";"";"Souhlasnısesmìremúseku";"Pomalı";"568759";"113611";"GN_V0.1UIR-ADR_410";"2"
"161606170038";1;34;"2017-01-20";5;"2240";5;0;0;2;4;0;100;0;0;0;341;2;1;01;1;6;1;1;1;0;0;00;2;01;00;;7;48;"06";3;0;1;0;1;3;200;3;1;1;"-661822,797";"-1106558,943";"-661822,797";"-1106558,943";"-661822,19";"-1106562,07";"";"";"";"silnice1.tøídy";"34";"3446107";"";"Souhlasnısesmìremúseku";"Pomalı";"569291";"";"GN_V0.1UIR-ADR_410";"2"
"161606170039";2;150;"2017-01-21";6;"1110";1;4;0;2;1;2;503;0;0;0;650;2;1;01;1;1;1;1;1;3;3;02;5;02;19;6;3;13;"05";1;0;1;0;1;21;200;2;1;1;"-666882,933";"-1106943,798";"-666882,933";"-1106943,798";"-666881,598";"-1106941,075";"HavlíèkùvBrod";"ikova";"";"silnice2.tøídy";"150";"483530";"";"Souhlasnısesmìremúseku";"Pomalı";"568414";"113026";"GN_V0.1UIR-ADR_410";"1"
"161606170040";2;339;"2017-01-21";6;"1745";5;0;0;2;4;0;100;0;0;0;949;2;1;01;1;6;1;1;1;0;0;00;1;01;00;;3;47;"16";3;0;1;0;1;1;800;2;1;1;"-687836,36";"-1093201,927";"-687836,36";"-1093201,927";"-687834,707";"-1093202,936";"";"";"";"silnice2.tøídy";"339";"2693489";"";"Souhlasnısesmìremúseku";"Pomalı";"568988";"";"GN_V0.1UIR-ADR_410";"2"
"161606170041";2;130;"2017-01-21";6;"1730";5;0;0;2;4;0;100;0;0;0;541;2;1;01;1;6;1;1;1;0;0;00;2;01;00;;3;39;"11";1;0;1;0;1;3;400;2;1;1;"-690180,637";"-1102451,4";"-690180,637";"-1102451,4";"-690178,941";"-1102451,309";"";"";"";"silnice2.tøídy";"130";"2076596";"";"Souhlasnısesmìremúseku";"Pomalı";"548243";"";"GN_V0.1UIR-ADR_410";"2"
"161606170042";1;38;"2017-01-23";1;"0840";3;0;3;2;1;2;204;0;0;0;170;2;5;01;1;1;1;1;8;0;0;00;1;01;00;;3;39;"14";3;0;1;0;1;3;150;2;1;1;"-670328,721";"-1093753,304";"-670328,721";"-1093753,304";"-670332,776";"-1093755,58";"";"";"";"silnice1.tøídy";"38";"2694817";"";"Opaènıkesmìruúseku";"Pomalı";"568821";"";"GN_V0.1UIR-ADR_410";"2"
"161606170043";1;34;"2017-01-24";2;"0735";5;0;0;2;4;0;100;0;0;0;341;2;3;01;1;2;1;1;1;0;0;00;3;01;00;;3;04;"06";1;0;1;0;1;1;200;2;1;1;"-653649,566";"-1100714,315";"-653649,566";"-1100714,315";"-653649,371";"-1100713,251";"";"";"";"silnice1.tøídy";"34";"2076777";"";"Opaènıkesmìruúseku";"Pomalı";"569224";"";"GN_V0.1UIR-ADR_410";"2"
"161606170044";2;130;"2017-01-24";2;"0755";5;0;0;2;4;0;100;0;0;0;641;2;3;01;1;1;1;1;1;0;0;00;1;01;00;;3;02;"10";3;0;1;0;1;1;500;2;1;1;"-684361,422";"-1092220,335";"-684361,422";"-1092220,335";"-684360,658";"-1092221,661";"";"";"";"silnice2.tøídy";"130";"2077100";"";"Souhlasnısesmìremúseku";"Pomalı";"568724";"";"GN_V0.1UIR-ADR_410";"2"
"161606170045";2;345;"2017-01-24";2;"1830";5;0;0;2;4;0;100;0;0;0;150;2;5;01;1;6;1;1;1;0;0;00;1;01;00;;7;62;"07";1;0;1;0;1;3;150;3;1;1;"-662893,976";"-1087365,142";"-662893,976";"-1087365,142";"-662898,568";"-1087369,68";"";"";"";"silnice2.tøídy";"345";"2076624";"";"Opaènıkesmìruúseku";"Pomalı";"569640";"";"GN_V0.1UIR-ADR_410";"2"
"161606170046";1;37;"2017-01-25";3;"0600";5;0;0;2;4;0;100;0;0;0;241;2;3;01;1;6;1;1;1;0;0;00;1;01;00;;3;39;"15";3;0;1;0;1;1;100;2;1;1;"-648671,747";"-1095625,16";"-648671,747";"-1095625,16";"-648668,34";"-1095626,047";"";"";"";"silnice1.tøídy";"37";"1492412";"";"Souhlasnısesmìremúseku";"Pomalı";"569780";"";"GN_V0.1UIR-ADR_410";"2"
"161606170047";6;;"2017-01-25";3;"2560";2;0;0;2;1;0;511;0;0;0;20;2;5;01;1;1;1;1;1;0;0;00;1;02;00;;17;;"XX";;;;;;;0;;;;"-658847,733";"-1095384,684";"-658847,733";"-1095384,684";"-658848,902";"-1095383,876";"Chotìboø";"Drtinova";"";"místníkomunikace";"";"440451";"";"Opaènıkesmìruúseku";"Pomalı";"568759";"113522";"GN_V0.1UIR-ADR_410";"1"
"161606170048";2;345;"2017-01-26";4;"1755";5;0;0;2;4;0;100;0;0;0;391;2;1;01;1;6;1;1;1;0;0;00;1;01;00;;3;04;"03";1;0;1;0;1;3;250;3;1;1;"-664586,024";"-1085787,859";"-664586,024";"-1085787,859";"-664585,746";"-1085787,511";"";"";"";"silnice2.tøídy";"345";"2694265";"";"Souhlasnısesmìremúseku";"Pomalı";"548618";"";"GN_V0.1UIR-ADR_410";"2"
"161606170049";2;350;"2017-01-27";5;"0750";3;0;3;2;1;2;510;0;0;0;255;2;6;01;1;1;1;1;8;0;0;00;1;01;00;;7;48;"02";3;0;1;0;1;1;250;3;1;1;"-667248,438";"-1117941,009";"-667248,438";"-1117941,009";"-667246,314";"-1117943,245";"";"";"";"silnice2.tøídy";"350";"3264594";"";"Souhlasnısesmìremúseku";"Pomalı";"569593";"";"GN_V0.1UIR-ADR_410";"2"
"161606170050";3;34522;"2017-01-27";5;"1320";3;0;3;2;1;2;204;0;0;0;130;2;5;05;1;1;1;1;8;0;0;00;1;01;00;;5;27;"96";3;1;1;0;1;3;100;2;1;1;"-659446,667";"-1089289,269";"-659446,667";"-1089289,269";"-659446,646";"-1089286,887";"Víska";"";"";"silnice3.tøídy";"34522";"1135276";"";"Souhlasnısesmìremúseku";"Pomalı";"573582";"";"GN_V0.1UIR-ADR_410";"1"
"161606170051";2;344;"2017-01-28";6;"1460";2;0;0;2;1;0;511;0;0;0;200;1;3;01;1;1;1;1;0;0;0;00;1;02;00;;17;;"XX";;;;;;;0;;;;"-659022,644";"-1095033,353";"-659022,644";"-1095033,353";"-659023,714";"-1095032,838";"Chotìboø";"námìstíT.G.Masaryka";"";"silnice2.tøídy";"344";"3102682";"";"Souhlasnısesmìremúseku";"Pomalı";"568759";"113956";"GN_V0.1UIR-ADR_410";"1"
"161606170052";1;38;"2017-01-30";1;"0615";3;0;2;2;1;2;204;0;0;0;1750;2;6;01;1;4;1;1;8;0;0;00;1;01;00;;6;62;"04";3;1;1;0;1;3;800;3;1;1;"-671705,205";"-1084876,672";"-671705,205";"-1084876,672";"-671707,955";"-1084877,11";"OLŠINKY";"";"";"silnice1.tøídy";"38";"1492319";"";"Opaènıkesmìruúseku";"Pomalı";"568635";"110761";"GN_V0.1UIR-ADR_410";"1"
"161606170053";1;38;"2017-01-30";1;"0820";3;0;1;1;1;2;204;0;0;1;900;2;6;01;6;1;1;1;8;0;0;00;3;01;00;;3;31;"09";1;0;1;0;1;3;900;2;1;1;"-671272,835";"-1086466,275";"-671279,526";"-1086469,081";"-671279,721";"-1086469,167";"";"";"";"silnice1.tøídy";"38";"2693980";"";"Opaènıkesmìruúseku";"Pomalı";"568651";"";"GN_V0.1UIR-ADR_410";"2"
"161606170054";2;346;"2017-01-31";2;"0945";1;2;0;2;1;2;502;0;0;0;410;2;8;01;5;3;1;1;1;0;0;00;1;02;00;;5;19;"15";3;0;1;0;1;3;300;4;1;1;"-664650,992";"-1095152,742";"-664650,992";"-1095152,742";"-664650,238";"-1095148,589";"";"";"";"silnice2.tøídy";"346";"1136642";"";"Souhlasnısesmìremúseku";"Pomalı";"548413";"";"GN_V0.1UIR-ADR_410";"2"
"161606170055";2;347;"2017-01-31";2;"1830";1;3;0;2;1;2;403;0;0;0;1280;2;6;01;5;6;1;1;1;3;3;00;5;03;19;3;3;39;"96";1;0;1;0;1;21;80;2;1;1;"-679717,825";"-1101918,249";"-679747,387";"-1101946,516";"-679747,257";"-1101946,684";"";"";"";"silnice2.tøídy";"347";"2075909";"";"Souhlasnısesmìremúseku";"Pomalı";"568601";"";"GN_V0.1UIR-ADR_410";"2"
"161706170001";1;34;"2017-01-01";0;"2040";5;0;0;2;4;0;100;0;0;0;341;2;1;01;1;6;1;1;1;0;0;00;3;01;00;;3;48;"08";1;0;1;0;1;1;200;2;1;1;"-696973,3";"-1125601,08";"-696955,092";"-1125598,403";"-696955,234";"-1125598,192";"";"";"";"silnice1.tøídy";"34";"3070118";"";"Opaènıkesmìruúseku";"Pomalı";"547492";"";"GN_V0.1UIR-ADR_410";"2"
"161706170002";3;13029;"2017-01-01";0;"2560";3;0;6;2;1;0;511;0;0;0;100;2;1;01;1;6;1;1;3;0;0;00;3;01;00;;17;;"XX";;;;;;;0;;;;"-695176,684";"-1107431,421";"-695176,684";"-1107431,421";"-695176,645";"-1107432,169";"Senoaty";"";"";"silnice3.tøídy";"13029";"2860413";"";"Opaènıkesmìruúseku";"Pomalı";"548774";"";"GN_V0.1UIR-ADR_410";"1"
"161706170003";2;130;"2017-01-02";1;"1650";3;0;6;2;1;2;204;0;0;0;1500;2;6;01;5;5;1;1;1;0;0;00;3;01;00;;7;48;"14";3;1;1;0;1;1;1000;3;1;1;"-689750,676";"-1105083,553";"-689745,857";"-1105083,017";"-689744,875";"-1105083,524";"Hojanovice";"";"";"silnice2.tøídy";"130";"1139927";"";"Opaènıkesmìruúseku";"Pomalı";"547883";"";"GN_V0.1UIR-ADR_410";"1"
"161706170004";3;11255;"2017-01-03";2;"1045";9;0;0;1;1;2;204;0;0;2;400;2;5;01;1;1;1;1;1;0;0;00;2;01;00;;3;42;"02";1;1;1;0;1;1;400;2;1;1;"-694887,166";"-1129952,93";"-694887,166";"-1129952,93";"-694880,957";"-1129955,429";"";"";"";"silnice3.tøídy";"11255";"2699613";"";"Souhlasnısesmìremúseku";"Pomalı";"";"";"GN_V0.1UIR-ADR_410";"2"
"161706170005";2;129;"2017-01-03";2;"1700";5;0;0;2;4;0;100;0;0;0;100;2;1;01;1;6;1;1;1;0;0;00;1;01;00;;3;02;"08";1;0;1;0;1;1;100;2;1;1;"-711721,147";"-1116961,626";"-711721,147";"-1116961,626";"-711725,289";"-1116953,573";"";"";"";"silnice2.tøídy";"129";"1955359";"";"Opaènıkesmìruúseku";"Pomalı";"548511";"";"GN_V0.1UIR-ADR_410";"2"
"161706170006";1;19;"2017-01-04";3;"0410";3;0;3;2;1;2;204;0;0;0;30;2;6;01;5;5;1;1;1;0;0;00;1;01;00;;6;19;"02";3;1;1;0;1;3;0;3;1;1;"-710407,5";"-1121713,226";"-710407,5";"-1121713,226";"-710407,924";"-1121713,534";"Kámen";"";"";"silnice1.tøídy";"19";"1494186";"";"Opaènıkesmìruúseku";"Pomalı";"548103";"";"GN_V0.1UIR-ADR_410";"1"
"161706170007";1;19;"2017-01-04";3;"0605";3;0;2;2;1;2;511;0;0;0;500;2;6;01;5;7;1;1;8;0;0;00;1;01;00;;6;10;"12";3;0;1;0;1;1;0;3;1;1;"";"";"-716239,557";"-1120716,551";"-716241,365";"-1120716,654";"";"";"";"silnice1.tøídy";"19";"1954289";"";"Opaènıkesmìruúseku";"Pomalı";"548472";"";"GN_V0.1UIR-ADR_410";"2"
"161706170008";3;1296;"2017-01-04";3;"0815";3;0;9;2;1;2;510;0;0;0;80;2;6;01;5;3;1;1;8;0;0;00;1;01;00;;5;62;"09";8;1;1;0;1;3;50;3;1;1;"-694870,719";"-1127720,252";"-706228,105";"-1120882,246";"-706228,549";"-1120884,774";"";"";"";"silnice3.tøídy";"1296";"1954065";"";"Souhlasnısesmìremúseku";"Pomalı";"548600";"";"GN_V0.1UIR-ADR_410";"2"
"161706170009";3;11250;"2017-01-05";4;"1715";5;0;0;2;4;0;100;0;0;0;341;2;6;01;1;6;1;1;1;0;0;00;1;01;00;;3;47;"10";1;0;1;0;1;3;200;2;1;1;"-696871,604";"-1129419,084";"-696871,604";"-1129419,084";"-696861,836";"-1129421,949";"";"";"";"silnice3.tøídy";"11250";"2700416";"";"Opaènıkesmìruúseku";"Pomalı";"562009";"";"GN_V0.1UIR-ADR_410";"2"
"161706170010";1;34;"2017-01-06";5;"1310";0;0;0;2;1;0;511;0;0;0;20;2;1;01;1;1;1;1;1;0;0;00;1;02;00;;17;;"XX";;;;;;;0;;;;"-690320,763";"-1118113,327";"-690320,763";"-1118113,327";"-690317,635";"-1118119,727";"";"";"";"silnice1.tøídy";"34";"1953792";"";"Souhlasnısesmìremúseku";"Pomalı";"561924";"";"GN_V0.1UIR-ADR_410";"2"
"161706170011";1;34;"2017-01-06";5;"1815";5;0;0;2;4;0;100;0;0;0;441;2;6;01;5;7;1;1;1;0;0;00;1;01;00;;3;07;"06";1;1;1;0;1;3;300;2;1;1;"-702515,542";"-1131295,774";"-702515,542";"-1131295,774";"-702511,43";"-1131301,783";"";"";"";"silnice1.tøídy";"34";"1494010";"";"Souhlasnısesmìremúseku";"Pomalı";"547581";"";"GN_V0.1UIR-ADR_410";"2"
"161706170012";1;19;"2017-01-06";5;"2210";9;0;0;1;1;2;204;0;0;1;300;2;6;01;6;7;1;1;8;0;0;00;2;01;00;;3;17;"09";9;0;1;0;1;3;300;2;1;1;"-704939,659";"-1121957,846";"-704939,659";"-1121957,846";"-704939,768";"-1121958,61";"";"";"";"silnice1.tøídy";"19";"1363914";"";"Opaènıkesmìruúseku";"Pomalı";"548235";"";"GN_V0.1UIR-ADR_410";"2"
"161706170013";2;112;"2017-01-08";0;"0855";3;0;3;2;1;2;204;0;0;0;1180;2;5;01;1;1;1;1;1;0;0;00;3;01;00;;3;39;"12";1;1;1;0;1;1;1000;2;1;1;"-695116,433";"-1125442,589";"-695116,433";"-1125442,589";"-695121,889";"-1125445,641";"";"";"";"silnice2.tøídy";"112";"1491999";"";"Opaènıkesmìruúseku";"Pomalı";"547492";"381551";"GN_V0.1UIR-ADR_410";"2"
"161706170014";6;;"2017-01-08";0;"1706";3;0;2;2;1;2;511;0;0;0;650;1;6;01;1;4;1;1;6;0;0;00;1;01;00;;3;13;"09";1;1;1;0;1;5;500;2;1;1;"-695209,426";"-1122915,87";"-695213,174";"-1122900,339";"-695213,448";"-1122900,199";"Pelhøimov";"Solní";"";"místníkomunikace";"";"3320588";"";"Opaènıkesmìruúseku";"Pomalı";"547492";"381047";"GN_V0.1UIR-ADR_410";"1"
"161706170015";1;34;"2017-01-09";1;"0715";4;0;0;1;1;2;412;0;0;1;50;2;5;01;3;2;1;1;1;0;0;01;1;01;00;;3;39;"04";1;0;1;0;1;1;50;2;1;1;"-695270,186";"-1124253,694";"-695270,186";"-1124253,694";"-695269,202";"-1124253,979";"Pelhøimov";"Nádraní";"";"silnice1.tøídy";"34";"732655";"";"Souhlasnısesmìremúseku";"Pomalı";"547492";"381250";"GN_V0.1UIR-ADR_410";"1"
"161706170016";6;;"2017-01-07";6;"2560";2;0;0;2;1;0;511;0;0;0;100;2;8;01;3;3;1;1;1;0;0;00;1;02;00;;17;;"XX";;;;;;;0;;;;"-683955,405";"-1112277,79";"-683955,405";"-1112277,79";"-683954,712";"-1112278,768";"Humpolec";"Masarykova";"";"místníkomunikace";"";"500917";"";"Opaènıkesmìruúseku";"Pomalı";"547999";"379204";"GN_V0.1UIR-ADR_410";"1"
"161706170017";1;34;"2017-01-10";2;"1505";3;0;2;2;1;2;511;0;0;0;920;2;3;01;2;3;1;1;8;0;0;00;1;02;00;;3;39;"98";1;0;1;0;1;3;100;2;1;1;"-694600,529";"-1122375,919";"-694600,529";"-1122375,919";"-694598,791";"-1122375,472";"Pelhøimov";"Humpolecká";"";"silnice1.tøídy";"34";"2701663";"";"Opaènıkesmìruúseku";"Pomalı";"547492";"380997";"GN_V0.1UIR-ADR_410";"1"
"161706170018";2;639;"2017-01-11";3;"1810";5;0;0;2;4;0;100;0;0;0;150;2;6;01;6;7;1;1;1;0;0;00;1;01;00;;3;36;"00";1;0;1;0;1;1;150;2;1;1;"-696727,311";"-1135768,497";"-696727,311";"-1135768,497";"-696726,928";"-1135769,457";"";"";"";"silnice2.tøídy";"639";"3231636";"";"Opaènıkesmìruúseku";"Pomalı";"549053";"";"GN_V0.1UIR-ADR_410";"2"
"161706170019";6;;"2017-01-12";4;"2560";2;0;0;2;1;0;504;0;0;0;200;2;6;01;1;1;1;1;1;0;0;00;1;02;00;;17;;"XX";;;;;;;0;;;;"-695985,298";"-1122075,355";"-695968,161";"-1122073,213";"-695966,029";"-1122073,206";"Pelhøimov";"Osvobození";"";"místníkomunikace";"";"1712758";"";"Souhlasnısesmìremúseku";"Pomalı";"547492";"381322";"GN_V0.1UIR-ADR_410";"1"
"161706170020";3;11255;"2017-01-13";5;"2560";3;0;6;2;1;0;501;0;0;0;25;2;5;01;1;1;1;1;1;0;0;00;3;01;00;;17;;"XX";;;;;;;0;;;;"-694668,554";"-1132033,393";"-694672,303";"-1132035";"-694672,466";"-1132035,315";"";"";"";"silnice3.tøídy";"11255";"2699584";"";"Opaènıkesmìruúseku";"Pomalı";"547492";"";"GN_V0.1UIR-ADR_410";"2"
"161706170021";3;1333;"2017-01-13";5;"1620";1;1;0;1;1;2;204;0;0;2;1100;2;6;01;5;3;1;1;1;0;0;00;2;02;00;;3;47;"05";1;1;1;0;1;1;500;2;1;1;"-693435,471";"-1124346,458";"-693435,471";"-1124346,458";"-693434,716";"-1124342,439";"";"";"";"silnice3.tøídy";"1333";"1604815";"";"Souhlasnısesmìremúseku";"Pomalı";"547492";"";"GN_V0.1UIR-ADR_410";"2"
"161706170022";6;;"2017-01-13";5;"1645";1;1;0;2;1;0;204;0;0;0;100;1;6;01;5;2;1;1;1;0;0;00;1;02;00;;17;;"XX";;;;;;;0;;;;"-708123,667";"-1135881,869";"-708123,667";"-1135881,869";"-708122,2";"-1135878,563";"KamenicenadLipou";"";"";"místníkomunikace";"";"1379919";"";"Opaènıkesmìruúseku";"Pomalı";"548111";"";"GN_V0.1UIR-ADR_410";"1"
"161706170023";1;34;"2017-01-13";5;"2560";3;0;2;2;1;0;204;0;0;0;200;1;5;01;1;1;1;1;3;3;3;00;5;01;11;6;17;;"XX";;;;;;;0;;;;"-684558,447";"-1113069,542";"-684558,447";"-1113069,542";"-684559,656";"-1113068,924";"Humpolec";"Okruní";"";"silnice1.tøídy";"34";"503724";"";"Souhlasnısesmìremúseku";"Pomalı";"547999";"379115";"GN_V0.1UIR-ADR_410";"1"
"161706170024";2;128;"2017-01-16";1;"1600";1;2;0;2;1;0;502;0;0;0;10;2;8;01;1;1;1;1;1;0;0;00;1;02;00;;17;;"XX";;;;;;;0;;;;"-710215,736";"-1106265,454";"-710215,736";"-1106265,454";"-710215,043";"-1106265,699";"Lukavec";"AntonínaSovy";"";"silnice2.tøídy";"128";"480267";"";"Opaènıkesmìruúseku";"Pomalı";"548332";"380075";"GN_V0.1UIR-ADR_410";"1"
"161706170025";2;129;"2017-01-01";0;"2560";5;0;0;2;4;0;100;0;0;0;400;2;8;01;1;2;1;1;1;0;0;00;1;01;00;;3;39;"12";3;0;1;0;1;3;400;2;1;1;"-690814,891";"-1111634,239";"-690814,891";"-1111634,239";"-690816,314";"-1111629,254";"";"";"";"silnice2.tøídy";"129";"1363302";"";"Opaènıkesmìruúseku";"Pomalı";"549215";"";"GN_V0.1UIR-ADR_410";"2"
"161706170026";2;112;"2017-01-17";2;"1800";5;0;0;2;4;0;100;0;0;0;241;2;3;01;1;6;1;1;1;0;0;00;1;01;00;;3;44;"03";3;0;1;0;1;1;100;2;1;1;"-694728,871";"-1127781,811";"-694728,871";"-1127781,811";"-694729,131";"-1127784,034";"Rynárec";"";"";"silnice2.tøídy";"112";"3107168";"";"Opaènıkesmìruúseku";"Pomalı";"562009";"";"GN_V0.1UIR-ADR_410";"1"
"161706170027";6;;"2017-01-18";3;"0825";4;0;0;1;1;2;504;0;0;1;0;2;8;01;1;1;1;1;1;0;0;00;1;01;00;;5;12;"13";8;0;1;0;1;5;0;2;1;1;"-697250,486";"-1113718,109";"-697250,486";"-1113718,109";"-697251,954";"-1113717,527";"ÈervenáØeèice";"";"";"místníkomunikace";"";"2859966";"";"Opaènıkesmìruúseku";"Pomalı";"547778";"";"GN_V0.1UIR-ADR_410";"1"
"161706170028";2;602;"2017-01-19";4;"1155";3;0;3;2;1;2;508;0;0;0;550;2;3;01;3;3;1;1;8;0;0;00;1;02;00;;3;38;"04";1;0;1;0;1;3;300;2;1;1;"-694630,339";"-1122787,914";"-694630,339";"-1122787,914";"-694633,932";"-1122777,181";"Pelhøimov";"Slovanskéhobratrství";"";"silnice2.tøídy";"602";"535766";"";"Opaènıkesmìruúseku";"Pomalı";"547492";"381616";"GN_V0.1UIR-ADR_410";"1"
"161706170029";6;;"2017-01-20";5;"1310";1;2;0;2;1;2;504;0;0;0;300;2;1;01;1;1;1;1;1;3;5;00;5;02;10;7;3;02;"04";1;0;1;0;1;5;100;2;1;1;"-695332,157";"-1125793,141";"-695332,157";"-1125793,141";"-695333,445";"-1125786,022";"Pelhøimov";"Hrdinova";"";"místníkomunikace";"";"3320724";"";"Souhlasnısesmìremúseku";"Pomalı";"547492";"661465";"GN_V0.1UIR-ADR_410";"1"
"161706170030";6;;"2017-01-20";5;"1850";4;0;0;1;1;2;508;0;0;1;100;2;1;01;1;4;1;1;1;0;0;00;1;01;00;;3;47;"01";1;0;1;0;1;5;100;2;1;1;"-684458,923";"-1111727,452";"-684458,923";"-1111727,452";"-684458,87";"-1111729,193";"Humpolec";"UKaštanu";"";"místníkomunikace";"";"499192";"";"Opaènıkesmìruúseku";"Pomalı";"547999";"379310";"GN_V0.1UIR-ADR_410";"1"
"161706170031";1;19;"2017-01-21";6;"0445";5;0;0;2;4;0;100;0;0;0;241;2;1;01;1;6;1;1;1;0;0;00;1;01;00;;6;10;"14";3;0;1;0;1;1;100;3;1;1;"-703438,599";"-1121506,5";"-703438,599";"-1121506,5";"-703437,927";"-1121507,17";"";"";"";"silnice1.tøídy";"19";"1954297";"";"Opaènıkesmìruúseku";"Pomalı";"598704";"";"GN_V0.1UIR-ADR_410";"2"
"161706170032";1;19;"2017-01-21";6;"1245";1;4;0;1;1;2;503;0;0;1;2200;2;1;01;1;1;1;1;1;0;0;00;1;02;00;;6;26;"09";9;1;1;0;1;1;1500;4;1;1;"-697842,475";"-1121779,342";"-697842,475";"-1121779,342";"-697841,874";"-1121775,407";"";"";"";"silnice1.tøídy";"19";"1366431";"";"Souhlasnısesmìremúseku";"Pomalı";"547492";"";"GN_V0.1UIR-ADR_410";"2"
"161706170033";1;34;"2017-01-22";0;"1515";5;0;0;2;4;0;100;0;0;0;739;2;1;01;1;1;1;1;1;0;0;00;1;01;00;;3;32;"13";1;0;1;0;1;1;600;4;1;1;"-700019,554";"-1128312,244";"-700044,189";"-1128373,83";"-700043,117";"-1128374,22";"";"";"";"silnice1.tøídy";"34";"2857410";"";"Souhlasnısesmìremúseku";"Pomalı";"537608";"";"GN_V0.1UIR-ADR_410";"2"
"161706170034";2;523;"2017-01-22";0;"1855";3;0;1;1;1;2;204;0;0;1;500;2;5;01;6;6;1;1;3;0;0;00;3;01;00;;3;36;"02";1;1;1;0;1;1;500;3;1;1;"-681649,378";"-1115331,178";"-681649,378";"-1115331,178";"-681653,634";"-1115334,563";"";"";"";"silnice2.tøídy";"523";"1955118";"";"Opaènıkesmìruúseku";"Pomalı";"547999";"";"GN_V0.1UIR-ADR_410";"2"
"161706170035";3;13213;"2017-01-23";1;"1600";3;0;1;1;1;2;204;0;0;1;800;2;6;01;1;1;1;1;3;0;0;00;1;01;00;;3;07;"05";3;1;1;1;1;3;800;3;1;1;"-697313,316";"-1139928,357";"-697313,316";"-1139928,357";"-697313,586";"-1139928,624";"";"";"";"silnice3.tøídy";"13213";"1955245";"";"Opaènıkesmìruúseku";"Pomalı";"548561";"";"GN_V0.1UIR-ADR_410";"2"
"161706170036";6;;"2017-01-23";1;"1340";1;1;0;1;1;0;501;0;0;1;550;2;6;01;1;1;1;1;1;0;0;00;2;02;00;;3;38;"98";1;0;1;0;1;5;150;3;1;1;"-696538,587";"-1126620,355";"-696538,587";"-1126620,355";"-696540,037";"-1126624,171";"";"";"";"místníkomunikace";"";"2699034";"";"Opaènıkesmìruúseku";"Pomalı";"599239";"";"GN_V0.1UIR-ADR_410";"2"
"161706170037";6;;"2017-01-24";2;"0814";3;0;3;2;1;0;508;0;0;0;100;2;3;01;1;1;1;1;1;3;3;02;5;01;10;6;5;19;"11";3;0;1;0;1;5;0;4;1;1;"-695143,19";"-1122664,98";"-695143,19";"-1122664,98";"-695143,803";"-1122665,475";"Pelhøimov";"Praská";"";"místníkomunikace";"";"535538";"";"Opaènıkesmìruúseku";"Pomalı";"547492";"381462";"GN_V0.1UIR-ADR_410";"1"
"161706170038";1;19;"2017-01-24";2;"1830";5;0;0;2;4;0;100;0;0;0;641;2;1;01;1;6;1;1;1;0;0;00;1;01;00;;3;02;"06";1;0;1;0;1;1;500;2;1;1;"-698562,342";"-1121636,891";"-698562,342";"-1121636,891";"-698565,024";"-1121642,82";"";"";"";"silnice1.tøídy";"19";"531035";"";"Opaènıkesmìruúseku";"Pomalı";"551546";"";"GN_V0.1UIR-ADR_410";"2"
"161706170039";3;1333;"2017-01-24";2;"1920";1;2;0;2;1;0;511;0;0;0;50;2;1;01;1;4;1;1;1;0;0;00;1;02;00;;17;;"XX";;;;;;;0;;;;"-692212,508";"-1125099,459";"-692203,404";"-1125068,398";"-692203,01";"-1125067,593";"Putimov";"";"";"silnice3.tøídy";"1333";"1150919";"";"Opaènıkesmìruúseku";"Pomalı";"598755";"";"GN_V0.1UIR-ADR_410";"1"
"161706170040";3;1333;"2017-01-26";4;"1650";3;0;3;2;1;2;204;0;0;0;550;2;5;01;6;2;1;1;3;0;0;10;2;01;00;;3;13;"07";1;1;1;0;1;1;500;3;1;1;"-688620,336";"-1127193,62";"-688620,336";"-1127193,62";"-688624,014";"-1127197,943";"";"";"";"silnice3.tøídy";"1333";"1953656";"";"Opaènıkesmìruúseku";"Pomalı";"548464";"";"GN_V0.1UIR-ADR_410";"2"
"161706170041";6;;"2017-01-27";5;"0960";2;0;0;2;1;0;504;0;0;0;100;2;6;01;1;1;1;0;1;0;0;00;1;02;00;;17;;"XX";;;;;;;0;;;;"-701006,932";"-1108018,622";"-701006,932";"-1108018,622";"-701001,264";"-1108017,289";"Košetice";"";"";"místníkomunikace";"";"2861357";"";"Souhlasnısesmìremúseku";"Pomalı";"548171";"";"GN_V0.1UIR-ADR_410";"1"
"161706170042";6;;"2017-01-27";5;"1034";1;4;0;1;1;2;503;0;0;1;40;2;1;01;1;1;1;1;1;0;0;00;1;02;00;;3;08;"06";1;0;1;0;1;5;20;2;1;1;"-692212,508";"-1125099,459";"-695552,627";"-1122750,612";"-695548,875";"-1122747,811";"Pelhøimov";"Strachovská";"";"místníkomunikace";"";"535684";"";"Souhlasnısesmìremúseku";"Pomalı";"547492";"381641";"GN_V0.1UIR-ADR_410";"1"
"161706170043";1;34;"2017-01-27";5;"1150";1;1;0;1;1;2;508;0;0;3;5000;2;1;01;1;1;1;3;1;2;0;02;4;02;19;2;3;26;"09";3;0;1;0;1;99;2000;3;1;1;"-694789,247";"-1122828,655";"-694789,247";"-1122828,655";"-694793,141";"-1122828,72";"Pelhøimov";"Humpolecká";"";"silnice1.tøídy";"34";"535895";"";"Souhlasnısesmìremúseku";"Pomalı";"547492";"380997";"GN_V0.1UIR-ADR_410";"1"
"161706170044";2;129;"2017-01-29";0;"1730";5;0;0;2;4;0;100;0;0;0;400;2;1;01;1;6;1;1;1;0;0;00;1;01;00;;3;35;"12";1;0;1;0;1;1;400;2;1;1;"-712061,596";"-1117093,105";"-712061,596";"-1117093,105";"-712062,376";"-1117091,662";"";"";"";"silnice2.tøídy";"129";"1954238";"";"Opaènıkesmìruúseku";"Pomalı";"547662";"";"GN_V0.1UIR-ADR_410";"2"
"161706170045";6;;"2017-01-30";1;"0700";4;0;0;1;1;2;508;0;0;1;0;2;1;01;1;2;1;1;1;0;0;01;1;01;00;;3;39;"11";3;0;1;0;1;5;0;3;1;1;"-684230,45";"-1112629,181";"-684230,45";"-1112629,181";"-684231,55";"-1112629,62";"Humpolec";"Fügnerova";"";"místníkomunikace";"";"502104";"";"Opaènıkesmìruúseku";"Pomalı";"547999";"378739";"GN_V0.1UIR-ADR_410";"1"
"161706170046";2;347;"2017-01-30";1;"0650";4;0;0;1;1;2;511;0;0;1;0;2;1;01;1;4;1;1;1;0;0;00;3;01;00;;3;47;"99";1;0;1;0;1;3;0;2;1;1;"-682071,048";"-1109562,65";"-682067,299";"-1109566,934";"-682066,403";"-1109567,168";"Èejov";"";"";"silnice2.tøídy";"347";"2857744";"";"Souhlasnısesmìremúseku";"Pomalı";"547735";"";"GN_V0.1UIR-ADR_410";"1"
"161706170047";6;;"2017-01-29";0;"2560";2;0;0;2;1;0;508;0;0;0;50;2;5;01;1;1;1;1;1;0;0;00;1;02;00;;17;;"XX";;;;;;;0;;;;"-682156,701";"-1112778,998";"-682156,701";"-1112778,998";"-682155,41";"-1112779,878";"Humpolec";"";"";"místníkomunikace";"";"502817";"";"Opaènıkesmìruúseku";"Pomalı";"547999";"";"GN_V0.1UIR-ADR_410";"1"
"161706170048";6;;"2017-01-30";1;"1310";9;0;0;2;1;2;204;0;0;0;750;2;6;01;1;1;1;1;1;0;0;00;3;01;00;;5;26;"15";3;1;1;0;1;5;700;2;1;1;"-692135,226";"-1121873,364";"-692141,652";"-1121888,359";"-692141,507";"-1121888,527";"";"";"";"místníkomunikace";"";"2699632";"";"Souhlasnısesmìremúseku";"Pomalı";"561967";"";"GN_V0.1UIR-ADR_410";"2"
"161706170049";1;34;"2017-01-31";2;"1415";3;0;1;1;1;2;204;0;0;1;500;2;8;01;1;1;1;1;3;0;0;00;3;01;00;;3;38;"98";1;1;1;1;3;3;500;2;1;1;"-702814,784";"-1131542,156";"-702809,429";"-1131549,653";"-702808,692";"-1131550,173";"";"";"";"silnice1.tøídy";"34";"1494011";"";"Souhlasnısesmìremúseku";"Pomalı";"547581";"";"GN_V0.1UIR-ADR_410";"2"
"161706170050";1;19;"2017-01-31";2;"1453";3;0;1;2;1;2;204;0;0;0;2050;2;5;01;5;3;1;1;8;0;0;00;2;01;00;;7;10;"13";9;1;1;0;1;1;2000;3;1;1;"-703576,11";"-1121692,579";"-703576,11";"-1121692,579";"-703578,171";"-1121691,213";"";"";"";"silnice1.tøídy";"19";"1954319";"";"Souhlasnısesmìremúseku";"Pomalı";"598704";"";"GN_V0.1UIR-ADR_410";"2"
